search URL:,https://patents.google.com/?assignee=Dr.+Ing.+h.c.+F.+Porsche+AG%0A&after=priority:20130101
id,title,assignee,inventor/author,priority date,filing/creation date,publication date,grant date,result link,representative figure link
US-9567901-B2,Internal combustion engine and connecting rod ,"Hilite Germany Gmbh, Dr.-Ing. H.C. F. Porsche Ag","Dietmar Schulze, Michael Paul",2013-08-27,2014-06-02,2017-02-14,2017-02-14,https://patents.google.com/patent/US9567901B2/en,https://patentimages.storage.googleapis.com/28/17/2f/3239d5539deac8/US09567901-20170214-D00000.png
US-9855894-B1,"Apparatus, system and methods for providing real-time sensor feedback and graphically translating sensor confidence data ","Volkswagen Aktiengesellschaft, Audi Ag, Dr. Ing. H.C. F. Porsche Ag",Allen Khorasani,2016-09-16,2016-09-16,2018-01-02,2018-01-02,https://patents.google.com/patent/US9855894B1/en,https://patentimages.storage.googleapis.com/36/bf/b0/64c7a445293c27/US09855894-20180102-D00000.png
US-11623508-B2,"Drive train for a motor vehicle having a directly cooled electric machine and a transmission, and a motor vehicle ",Dr. Ing. H. C. F. Porsche Ag,Stefan Oechslen,2019-07-03,2020-07-06,2023-04-11,2023-04-11,https://patents.google.com/patent/US11623508B2/en,https://patentimages.storage.googleapis.com/46/26/a6/197aa3aa81d439/US11623508-20230411-D00000.png
CN-204452639-U,For the air guiding device of vehicle ,Dr.Ing.h.c.F.保时捷股份公司,"D·贝耶尔, J·保罗, J·米德尔, F·诺伊布兰德, H·内尔, W·鲁夫, R·N·米兰",2013-09-19,2014-09-18,2015-07-08,2015-07-08,https://patents.google.com/patent/CN204452639U/en,
US-10286791-B2,Motor vehicle charging socket having overheating protection ,"Audi Ag, Dr. Ing. H.C. F. Porsche Ag","Sami Robert Zaki, Florian Auberger, Daniel Spesser",2014-11-13,2015-11-12,2019-05-14,2019-05-14,https://patents.google.com/patent/US10286791B2/en,https://patentimages.storage.googleapis.com/c2/3f/7a/900bb128ed7b3e/US10286791-20190514-D00000.png
US-11482904-B2,Stator of an electric machine ,Dr. Ing. H. C. F. Porsche Ag,"Johannes Stoll, Rolf Graef",2019-05-23,2020-05-26,2022-10-25,2022-10-25,https://patents.google.com/patent/US11482904B2/en,https://patentimages.storage.googleapis.com/cc/fd/fe/5229e1d24d92b9/US11482904-20221025-D00000.png
PT-3333005-T,Modular power electronics unit for charging an electrically powered vehicle ,Porsche Ag,,2016-12-09,2017-08-30,2021-04-27,,https://patents.google.com/patent/PT3333005T/en,
US-10223598-B2,"Method of generating segmented vehicle image data, corresponding system, and vehicle ","Volkswagen Aktiengesellschaft, Audi Ag, Dr. Ing. H.C.F. Porsche Ag","Somudro Gupta, Martin HEMPEL, Premkumar Natarajan, Muneeb Saleem",2017-02-20,2017-02-20,2019-03-05,2019-03-05,https://patents.google.com/patent/US10223598B2/en,https://patentimages.storage.googleapis.com/c3/2f/6c/a01b61d7e9f994/US10223598-20190305-D00000.png
CN-105711659-A,Front-end structure of motor vehicle ,保时捷股份公司,T·沃尔夫,2014-12-17,2015-12-16,2016-06-29,,https://patents.google.com/patent/CN105711659A/en,
CN-104943755-A,Rear air-guiding device ,Dr.Ing.h.c.F.保时捷股份公司,"T·沃尔夫, D·贝耶尔",2014-03-26,2015-03-25,2015-09-30,,https://patents.google.com/patent/CN104943755A/en,
US-11407319-B2,Method and apparatus for charging an energy store ,Dr. Ing. H. C. F. Porsche Ag,"Stefan Goetz, Hermann Helmut Dibos, Malte Jaensch, Eduard Specht, Christian Korte",2017-10-17,2018-06-07,2022-08-09,2022-08-09,https://patents.google.com/patent/US11407319B2/en,https://patentimages.storage.googleapis.com/14/75/1b/03ad65cf559dc6/US11407319-20220809-D00000.png
US-11588379-B2,"Arrangement for cooling an electric machine in a motor vehicle, and method for operating the arrangement ",Dr. Ing. H. C. F. Porsche Ag,"Janina Steinz, Stefan Oechslen",2019-07-01,2020-07-01,2023-02-21,2023-02-21,https://patents.google.com/patent/US11588379B2/en,https://patentimages.storage.googleapis.com/87/13/0e/c27be36cf5e9c7/US11588379-20230221-D00000.png
US-11370309-B2,"Battery module of a traction battery, and method for assembling same ",Dr. Ing. H. C. F. Porsche Ag,"Philipp Kellner, Sascha Mostofi, Jens Bohlien, Max Falk, Alexander Klausmann",2019-06-07,2020-06-08,2022-06-28,2022-06-28,https://patents.google.com/patent/US11370309B2/en,https://patentimages.storage.googleapis.com/d5/51/9e/66a0c0c38336c5/US11370309-20220628-D00000.png
US-11670948-B2,Method and system for integrating a peripheral charge controller into a non-DC-isolated charging device ,Dr. Ing. H. C. F. Porsche Ag,Daniel Spesser,2018-11-22,2019-11-22,2023-06-06,2023-06-06,https://patents.google.com/patent/US11670948B2/en,https://patentimages.storage.googleapis.com/86/cf/5d/6e73a2354aed4a/US11670948-20230606-D00000.png
US-11201376-B2,Multilayer ceramic solid electrolyte separator with plastic reinforcement for increasing the fracture stability and reducing short circuits in electric batteries ,"Volkswagen Ag, Audi Ag, Dr. Ing. H.C.F. Porsche Ag","Mirko Herrmann, Angela Speidel",2018-09-10,2018-09-10,2021-12-14,2021-12-14,https://patents.google.com/patent/US11201376B2/en,https://patentimages.storage.googleapis.com/b6/51/32/71d266ee25d490/US11201376-20211214-D00000.png
US-11362338-B2,Electric vehicle battery cell with solid state electrolyte ,"Volkswagen Ag, Audi Ag, Dr. Ing. H.C. F. Porsche","Mirko Herrmann, Angela Speidel, Rouven Scheffler",2017-02-14,2017-02-14,2022-06-14,2022-06-14,https://patents.google.com/patent/US11362338B2/en,https://patentimages.storage.googleapis.com/1d/a9/8b/0bcf5b15496d36/US11362338-20220614-D00000.png
US-11362371-B2,Method for manufacturing electric vehicle battery cells with polymer frame support ,"Volkswagen Ag, Audi Ag, Dr. Ing. H.C. F. Porsche","Mirko Herrmann, Angela Speidel, Rouven Scheffler",2017-02-14,2017-02-14,2022-06-14,2022-06-14,https://patents.google.com/patent/US11362371B2/en,https://patentimages.storage.googleapis.com/7f/ef/5e/b5ba9eae53f3b3/US11362371-20220614-D00000.png
CN-104139717-A,Adjustment arrangement for a motor vehicle seat ,Dr.Ing.h.c.F.保时捷股份公司,"S·A·莫勒, D·容格特",2013-05-08,2014-04-18,2014-11-12,,https://patents.google.com/patent/CN104139717A/en,
CN-105329327-A,Motor vehicle with adjustable sill ,Dr.Ing.h.c.F.保时捷股份公司,"B·雅克霍夫斯基, O·菲舍尔, T·维甘德, J·保罗, W·舒斯特, S·韦伯, H·内尔, H·许曼",2014-08-05,2015-07-08,2016-02-17,,https://patents.google.com/patent/CN105329327A/en,
CN-104033301-A,Heatable injector for fuel injection in an internal combustion engine ,Dr.Ing.h.c.F.保时捷股份公司,"M·赫特维希, A·诺韦克, M·斯库",2013-03-06,2014-03-05,2014-09-10,,https://patents.google.com/patent/CN104033301A/en,
US-11614214-B2,"Method for operating a motor vehicle with a headlight for the fast and safe setting of a leaving-home position, headlight, and motor vehicle ",Dr. Ing. H. C. F. Porsche Ag,"Dominik Walter, Benjamin Hummel, Marinko Tuka, Steffen Swoboda, Maximilian Bossler",2020-11-12,2021-11-12,2023-03-28,2023-03-28,https://patents.google.com/patent/US11614214B2/en,https://patentimages.storage.googleapis.com/9b/db/65/e1654754e504c1/US11614214-20230328-D00000.png
US-11267328-B2,Drive train and method for operating a drive train ,Dr. Ing. H. C. F. Porsche Ag,"Immo Stache, Leo Spiegel, Henrik Schrage",2015-02-12,2019-04-18,2022-03-08,2022-03-08,https://patents.google.com/patent/US11267328B2/en,https://patentimages.storage.googleapis.com/80/fc/b7/04d1eb3dc7513e/US11267328-20220308-D00000.png
US-9579948-B2,Fastening device ,"Dr. Ing h.c. F. Porsche AG, Volkswagen Ag","Jafar Khanlarov, Christoph Lenniger, Hartmut Rechter",2014-11-17,2015-11-12,2017-02-28,2017-02-28,https://patents.google.com/patent/US9579948B2/en,https://patentimages.storage.googleapis.com/61/c5/a9/6fc6552bd732e0/US09579948-20170228-D00000.png
US-10309447-B2,"Method for machining a surface of a metal component, and metal component ",Dr. Ing. H.C. F. Porsche Aktiengesellschaft,"Peter Wels, Gerhard Flores",2016-03-31,2017-03-24,2019-06-04,2019-06-04,https://patents.google.com/patent/US10309447B2/en,https://patentimages.storage.googleapis.com/d1/74/f5/4208fb290e1cf1/US10309447-20190604-D00000.png
US-10544709-B2,"Sliding cam module with a bearing element and a camshaft with a sliding cam module, as well as a cover module ","Thyssenkrupp Ag, Thyssenkrupp Presta Teccenter Ag, Dr. Ing. H.C. F. Porsche Ag","Norbert Nitz, Jens Schirmer, Tobias Mehlhorn, Dietmar Schwarzenthal",2017-10-13,2018-10-12,2020-01-28,2020-01-28,https://patents.google.com/patent/US10544709B2/en,https://patentimages.storage.googleapis.com/9f/77/59/6bbebf7239191a/US10544709-20200128-D00000.png
US-2018233768-A1,Electric vehicle battery cell with internal series connection stacking ,"Volkswagen Ag, Audi Ag, Dr. Ing. H.C. F. Porsche Ag","Mirko Herrmann, Angela Speidel",2017-02-14,2017-02-14,2018-08-16,,https://patents.google.com/patent/US20180233768A1/en,https://patentimages.storage.googleapis.com/4d/19/9d/3fd68bc1578abc/US20180233768A1-20180816-D00001.png
US-11731587-B2,Windscreen wiper system for a motor vehicle ,"Audi Ag, Dr. Ing. H.C.F. Porsche Ag, A. Raymond Et Cie, Volkswagen Aktiengesellschaft","Stephan Haefner, Frank Ackermann, Sven Auch, Axel Feger, Karl Bode",2019-04-16,2020-04-14,2023-08-22,2023-08-22,https://patents.google.com/patent/US11731587B2/en,https://patentimages.storage.googleapis.com/76/8f/f6/6b6fe0d9fc040c/US11731587-20230822-D00000.png
DE-102014012292-A1,Actuator for a spoiler device ,"Audi Ag, Dr. Ing. H.C. F. Porsche Ag, Suspa Gmbh","Bernd Herrmann, Joachim Paul, Sebastian Weber, Steffen Ullrich, Daniel Spielberg, Johannes Preis, Bernd Hollerbaum, Matthias Glaß, Johannes Lang, Harald Bielesch, Marc Feihl",2014-08-22,2014-08-22,2016-02-25,,https://patents.google.com/patent/DE102014012292A1/en,https://patentimages.storage.googleapis.com/20/9e/84/4089edfb32d10b/DE102014012292A1_0002.png
US-10797284-B2,Electric vehicle battery cell with polymer frame for battery cell components ,"Volkswagen Ag, Audi Ag, Dr. Ing. H.C. F. Porsche Ag","Mirko Herrmann, Angela Speidel",2017-02-14,2017-02-14,2020-10-06,2020-10-06,https://patents.google.com/patent/US10797284B2/en,https://patentimages.storage.googleapis.com/f0/09/d1/719854f7e863e5/US10797284-20201006-D00000.png
US-2022212632-A1,Wind deflector for a windscreen wiper system of a motor vehicle ,"Audi Ag, Dr. Ing. H.C.F. Porsche Ag, A.Raymond Et Cie, Volkswagen Aktiengesellschaft","Stephan Haefner, Frank Ackermann, Sven Auch, Axel Feger, Karl Bode",2019-04-16,2020-04-14,2022-07-07,,https://patents.google.com/patent/US20220212632A1/en,https://patentimages.storage.googleapis.com/9d/2b/4e/7b344056e5ab95/US20220212632A1-20220707-D00000.png
CN-105774684-A,Application structure for motor vehicles ,保时捷股份公司,"H·雷德利希, B·洛伊蒂格尔, A·拉贝克, M·默斯纳",2015-01-14,2016-01-13,2016-07-20,,https://patents.google.com/patent/CN105774684A/en,
CN-109383258-A,Method for manufacturing electrically driven vehicle ,保时捷股份公司,"P·克勒纳, J·鲍莱恩",2017-08-09,2018-08-01,2019-02-26,,https://patents.google.com/patent/CN109383258A/en,
AU-2018241039-B2,Converter configuration for an electricity charging station and corresponding electricity charging station ,"Dr. Ing. H.C.F. Porsche Ag, Ads-tec Energy GmbH","Raoul Heyne, Florian JOSLOWSKI, Michael Kiefer, Ali NATOUR, Thomas Speidel",2017-10-06,2018-10-02,2023-01-19,2023-01-19,https://patents.google.com/patent/AU2018241039B2/en,
CN-108382229-A,The method of the power output of battery apparatus for controlling electrically driven vehicle ,保时捷股份公司,"A·巴斯勒, S·费贝尔",2017-02-02,2018-01-31,2018-08-10,,https://patents.google.com/patent/CN108382229A/en,
DE-102017217879-A1,Charging station for a charging station with underground cooling ,"Ads-Tec Gmbh, Dr. Ing. H.C. F. Porsche Ag","Raoul Heyne, Florian Joslowski, Michael Kiefer, Thomas Speidel, Matthias Bohner",2017-10-09,2017-10-09,2019-04-11,,https://patents.google.com/patent/DE102017217879A1/en,https://patentimages.storage.googleapis.com/aa/04/e5/fb1317558c5f67/DE102017217879A1_0001.png
DE-102018212740-A1,Charging station for electric cars ,"Ads-Tec Gmbh, Dr. Ing. H.C. F. Porsche Ag","Raoul Heyne, Florian Joslowski, Michael Kiefer, Thomas Speidel, Ali Natour, Matthias Bohner",2018-07-31,2018-07-31,2020-02-06,,https://patents.google.com/patent/DE102018212740A1/en,https://patentimages.storage.googleapis.com/cd/c1/e9/ab2c2489f47ba9/DE102018212740A1_0001.png
CN-204472546-U,Airguide equipment ,Dr.Ing.h.c.F.保时捷股份公司,"S·韦伯, J·保罗",2013-11-14,2014-10-17,2015-07-15,2015-07-15,https://patents.google.com/patent/CN204472546U/en,
US-11349686-B2,Network arrangement and addressing of network components for a charging park ,Dr. Ing. H. C. F. Porsche Ag,"Volker Reber, Iosif-Norbert Gaier, Eric Vogel, Steve Zander, Julian Kramer, Timo Kaul, Christian Metzger",2019-08-05,2020-08-05,2022-05-31,2022-05-31,https://patents.google.com/patent/US11349686B2/en,https://patentimages.storage.googleapis.com/a6/e9/e6/10b91a9072b64f/US11349686-20220531-D00000.png
US-11355992-B2,Electric machine ,Dr. Ing. H. C. F. Porsche Ag,Stefan Oechslen,2019-07-03,2020-07-06,2022-06-07,2022-06-07,https://patents.google.com/patent/US11355992B2/en,https://patentimages.storage.googleapis.com/e0/5e/e1/3cdb86d72f1539/US11355992-20220607-D00000.png
WO-2020193747-A8,On-road localization methodologies and equipment utilizing road surface characteristics ,"Volkswagen Aktiengesellschaft, Audi Ag, Dr. Ing. H.C.F. Porsche Ag","Melanie SENN, Nils KÜPPER",2019-03-28,2020-03-27,2021-09-23,,https://patents.google.com/patent/WO2020193747A8/en,
WO-2021043902-A1,"System, method, and apparatus for a neural network model for a vehicle ","Volkswagen Aktiengesellschaft, Audi Ag, Dr. Ing. H.C.F. Porsche Ag","Pratik Prabhanjan Brahma, Nasim SOULY, Nikhil George",2019-09-06,2020-09-03,2021-03-11,,https://patents.google.com/patent/WO2021043902A1/en,
WO-2020104423-A1,Method and apparatus for data fusion of lidar data and image data ,"Volkswagen Aktiengesellschaft, Audi Ag, Dr. Ing. H.C.F. Porsche Ag","Nijanthan BERINPANATHAN, Nils Kuepper, Jerramy GIPSON",2018-11-20,2019-11-19,2020-05-28,,https://patents.google.com/patent/WO2020104423A1/en,
WO-2020229613-A1,System and method for deep neural network compression ,"Volkswagen Aktiengesellschaft, Audi Ag, Dr. Ing. H.C.F. Porsche Ag",Melanie SENN,2019-05-15,2020-05-14,2020-11-19,,https://patents.google.com/patent/WO2020229613A1/en,
WO-2020141220-A1,"Method, system, module and software for intelligently governing a multi-way stop intersection ","Audi Ag, Ford Motor Company, Volkswagen Aktiengesellschaft, Dr.Ing.H.C.F. Porsche Ag","Thorsten Hehn, Joerg Plechinger, Daniel Pfaller, Markus Mueller, John WALPUCK, Jovan ZAGAJAC, Hendrik-Joern GUENTHER, Kevin LIEBERMAN",2019-01-04,2020-01-03,2020-07-09,,https://patents.google.com/patent/WO2020141220A1/en,
US-11641141-B2,Stator of an electric machine ,Dr. Ing. H. C. F. Porsche Ag,"Johannes Stoll, Rolf Graef",2019-05-23,2020-05-26,2023-05-02,2023-05-02,https://patents.google.com/patent/US11641141B2/en,https://patentimages.storage.googleapis.com/b6/0a/1b/7531a1fa97eb30/US11641141-20230502-D00000.png
US-11565579-B2,Electric vehicle having a battery in an underfloor arrangement ,Dr. Ing. H. C. F. Porsche Ag,"Philipp Kellner, Jens Bohlien, Sascha Mostofi",2019-05-09,2020-05-11,2023-01-31,2023-01-31,https://patents.google.com/patent/US11565579B2/en,https://patentimages.storage.googleapis.com/36/3d/96/1d5d79eda24757/US11565579-20230131-D00000.png
NO-20180581-A1,Cooling device ,Porsche Ag,"Stefan Götz, Manuel Gross",2017-05-17,2018-04-25,2018-11-19,,https://patents.google.com/patent/NO20180581A1/en,
NO-346065-B1,Charging station system for electric vehicles ,Porsche Ag,"Volker Reber, Michael Kiefer, Thomas Wischnack, Ralf Oestreicher, Steve Zander",2017-03-16,2018-03-05,2022-01-31,,https://patents.google.com/patent/NO346065B1/en,
NO-20180400-A1,"Cooling unit for a charging column, and charging column having a cooling unit ",Porsche Ag,"David Köhler, Volker Reber, Stefan Götz",2017-07-12,2018-03-22,2019-01-14,,https://patents.google.com/patent/NO20180400A1/en,
NO-20151754-A1,"Electrical charging apparatus, electrical charging station and method for controlling an electrical charging apparatus ",Porsche Ag,"Daniel Spesser, Thomas Krauss, Dirk Herke",2015-01-26,2015-12-18,2016-07-27,,https://patents.google.com/patent/NO20151754A1/en,
NO-346645-B1,Device for charging at least one battery ,Porsche Ag,"Volker Reber, Michael Kiefer, Stefan Götz, Steve Zander, Camila Zies, David Köhler, Raoul Heyne, Bekim Basha, Christoph Roggendorf, Karsten Hähre, Christian Metzger",2017-07-12,2018-04-26,2022-11-14,,https://patents.google.com/patent/NO346645B1/en,
US-10913329-B2,Component system for ventilating a trunk compartment area and motor vehicle ,Volkswagen Aktiengesellschaft,"Harald ROESEMANN, Jennifer Paschke, Dennis LEIP, Adriano PODDA, Christian Wendl",2017-10-11,2018-10-11,2021-02-09,2021-02-09,https://patents.google.com/patent/US10913329B2/en,https://patentimages.storage.googleapis.com/3d/f1/84/0cabc7fa66df4d/US10913329-20210209-D00000.png
US-11772588-B2,"Front panel part of a motor vehicle, and motor vehicle ",Dr. Ing. H.C. F. Porsche Aktiengesellschaft,Sebastian Harter,2020-02-07,2021-01-26,2023-10-03,2023-10-03,https://patents.google.com/patent/US11772588B2/en,https://patentimages.storage.googleapis.com/3f/61/df/d80d31e0eff94b/US11772588-20231003-D00000.png
US-11390145-B2,Motor vehicle ,Dr. Ing. H. C. F. Porsche Ag,Thomas Seibold,2019-03-06,2020-03-04,2022-07-19,2022-07-19,https://patents.google.com/patent/US11390145B2/en,https://patentimages.storage.googleapis.com/e4/f5/d0/7b510e9670f7c8/US11390145-20220719-D00000.png
US-11469635-B2,Rotor for an electric machine ,Dr. Ing. H. C. F. Porsche Ag,"Karl Dums, Niklas Lamparsky, Stefan Oechslen",2019-04-12,2020-04-13,2022-10-11,2022-10-11,https://patents.google.com/patent/US11469635B2/en,https://patentimages.storage.googleapis.com/e8/bc/14/31bb7cf9bdd919/US11469635-20221011-D00000.png
US-11351878-B2,Electric vehicle with heating element and on-board charger ,Dr. Ing. H. C. F. Porsche Ag,"Tim Pfizenmaier, Florian Mayer",2019-07-30,2020-07-28,2022-06-07,2022-06-07,https://patents.google.com/patent/US11351878B2/en,https://patentimages.storage.googleapis.com/35/c0/8a/6d184c2ec130f0/US11351878-20220607-D00000.png
US-11522418-B2,Bent conductor segment for a stator winding of a stator of an electric machine ,Dr. Ing. H. C. F. Porsche Ag,"Rolf Graef, Gregor Michna",2019-04-25,2020-04-27,2022-12-06,2022-12-06,https://patents.google.com/patent/US11522418B2/en,https://patentimages.storage.googleapis.com/82/09/03/ad39f65b7443e0/US11522418-20221206-D00000.png
US-11667209-B2,Diagnostic arrangement and diagnostic communication for a charging park ,Dr. Ing. H. C. F. Porsche Ag,"Julian Kramer, Eric Vogel, Volker Reber, Nikolaos Papadopoulos, Christian Metzger, Timo Kaul, Steve Zander, Iosif-Norbert Gaier",2019-08-05,2020-08-05,2023-06-06,2023-06-06,https://patents.google.com/patent/US11667209B2/en,https://patentimages.storage.googleapis.com/12/7b/64/c27bb1111fff5b/US11667209-20230606-D00000.png
AU-2018241040-B2,Use of two dc/dc controllers in the power electronics system of a charging station or electricity charging station ,"Dr. Ing. H.C.F. Porsche Ag, Ads-tec Energy GmbH","Raoul Heyne, Florian JOSLOWSKI, Michael Kiefer, Ali NATOUR, Thomas Speidel",2017-10-06,2018-10-02,2023-03-09,2023-03-09,https://patents.google.com/patent/AU2018241040B2/en,
US-11352820-B2,Vehicle door ,Dr. Ing. H. C. F. Porsche Ag,Pascal Tylla,2019-04-10,2020-04-10,2022-06-07,2022-06-07,https://patents.google.com/patent/US11352820B2/en,https://patentimages.storage.googleapis.com/0c/1a/f2/81e034dfacc921/US11352820-20220607-D00000.png
US-11674337-B2,Inside door opener arrangement ,Dr. Ing. H. C. F Porsche Ag,Stefan Schmitz,2019-01-18,2020-01-13,2023-06-13,2023-06-13,https://patents.google.com/patent/US11674337B2/en,https://patentimages.storage.googleapis.com/36/6e/e1/a26b9758e337c9/US11674337-20230613-D00000.png
US-10399608-B2,Integral component of a motor vehicle frame ,Dr. Ing. H. C. F. Porsche Ag,"Philipp Kellner, Ralph Renz, Frank Haeusler, Sophie Kerchnawe, Olaf Taeger",2016-11-18,2017-11-10,2019-09-03,2019-09-03,https://patents.google.com/patent/US10399608B2/en,https://patentimages.storage.googleapis.com/67/90/16/6670635e1c16cc/US10399608-20190903-D00000.png
US-2021354664-A1,A windscreen wiper device ,"Trico Belgium Sa, Dr.Ing, H.C.F. Porsche Ag","Xavier Boland, Sven Auch",2018-09-18,2018-09-18,2021-11-18,,https://patents.google.com/patent/US20210354664A1/en,https://patentimages.storage.googleapis.com/b5/29/43/e847b110a41ddf/US20210354664A1-20211118-D00000.png
US-2020083508-A1,Method for producing an electric battery with separator material on a current collector base ,"Volkswagen Ag, Audi Ag, Dr. Ing. H.C. F. Porsche Ag","Mirko Herrmann, Angela Speidel",2018-09-10,2018-09-10,2020-03-12,,https://patents.google.com/patent/US20200083508A1/en,https://patentimages.storage.googleapis.com/6d/db/22/f42960f7d04769/US20200083508A1-20200312-D00000.png
CN-103984434-A,Operating element and method for inputting operating command by using operating element ,Dr.Ing.h.c.F.保时捷股份公司,T·芬克,2013-02-12,2014-02-12,2014-08-13,,https://patents.google.com/patent/CN103984434A/en,
CN-204674680-U,For structure and the grill-protected of the vehicle with rear-mounted engine ,Dr.Ing.h.c.F.保时捷股份公司,"S·韦伯, J·保罗",2013-10-31,2014-10-10,2015-09-30,2015-09-30,https://patents.google.com/patent/CN204674680U/en,
CN-204296892-U,Bottom baffle for vehicle and the vehicle with bottom baffle ,Dr.Ing.h.c.F.保时捷股份公司,"S·哈特, O·菲舍尔",2013-08-01,2014-07-30,2015-04-29,2015-04-29,https://patents.google.com/patent/CN204296892U/en,
US-11473749-B2,Method and system for avoiding pixels errors in high-definition headlamps ,Dr. Ing. H. C. F. Porsche Ag,"Benjamin Hummel, Dominik Walter, Maximilian Bossler, Peter Heimpel, Robert Haehle, Johannes Grabowski",2021-02-25,2022-02-10,2022-10-18,2022-10-18,https://patents.google.com/patent/US11473749B2/en,https://patentimages.storage.googleapis.com/a4/09/13/8dbbb3c7417237/US11473749-20221018-D00000.png
US-11529888-B2,Method for charging a traction battery of a motor vehicle ,Dr. Ing. H. C. F. Porsche Ag,"Raoul Heyne, Timo Kaul",2020-08-03,2021-08-03,2022-12-20,2022-12-20,https://patents.google.com/patent/US11529888B2/en,https://patentimages.storage.googleapis.com/7f/88/25/04546bf510ec0e/US11529888-20221220-D00000.png
US-11518270-B2,Method for charging a traction battery of a motor vehicle ,Dr. Ing. H. C. F. Porsche Ag,"Raoul Heyne, Timo Kaul",2020-08-03,2021-08-03,2022-12-06,2022-12-06,https://patents.google.com/patent/US11518270B2/en,https://patentimages.storage.googleapis.com/3d/69/d7/bfde8ad6c7d325/US11518270-20221206-D00000.png
US-11532849-B2,Battery module for a motor vehicle and method for the production thereof ,Dr. Ing. H. C. F. Porsche Ag,"Philipp Kellner, Ralf Keller, Tassilo Gilbert, Sascha Mostofi, Jens Bohlien",2019-04-12,2020-04-13,2022-12-20,2022-12-20,https://patents.google.com/patent/US11532849B2/en,https://patentimages.storage.googleapis.com/f8/dd/35/ab8fdb6c8412b9/US11532849-20221220-D00000.png
CN-205330751-U,A camshaft for explosive motor ,保时捷股份公司,A·许茨勒,2014-11-11,2015-11-11,2016-06-22,2016-06-22,https://patents.google.com/patent/CN205330751U/en,
CN-105584403-A,Cup Holder ,保时捷股份公司,N·朗格,2014-11-07,2015-11-03,2016-05-18,,https://patents.google.com/patent/CN105584403A/en,
WO-2021069503-A1,Multi-sensory measuring system and method for transportation vehicle operating systems ,"Volkswagen Aktiengesellschaft, Audi Ag, Dr. Ing. H.C.F. Porsche Ag",Philipp Nils KUEPPER,2019-10-09,2020-10-07,2021-04-15,,https://patents.google.com/patent/WO2021069503A1/en,
DE-102016005201-A1,Operating device for operating a motor vehicle with a touch-sensitive operating element ,"Audi Ag, Dr. Ing. H.C. F. Porsche Ag","Ulrich Müller, Manuel Kühner",2016-04-29,2016-04-29,2017-11-02,,https://patents.google.com/patent/DE102016005201A1/en,https://patentimages.storage.googleapis.com/7f/ad/19/acf95586fe07cd/DE102016005201A1_0002.png
CN-107681074-A,Battery module and battery ,"保时捷股份公司, 奥迪股份公司","A·施特克, F·布伦德克, J·弗斯, T·于来",2016-08-01,2017-07-28,2018-02-09,,https://patents.google.com/patent/CN107681074A/en,
DE-102019134966-A1,Method and motor vehicle control system for controlling longitudinal dynamics of a motor vehicle by specifying a tolerance interval for acceleration or deceleration; as well as motor vehicle ,"Audi Ag, Dr. Ing. H.C. F. Porsche Ag","Frank Schmaljohann, Michael Bär, Thomas Schweller, Kai-Lukas Bauer, Michael Schneider",2019-12-18,2019-12-18,2021-06-24,,https://patents.google.com/patent/DE102019134966A1/en,https://patentimages.storage.googleapis.com/9e/34/78/2b642318d5727e/DE102019134966A1_0001.png
CN-105651473-A,Method for automatic determination of dynamic stiffness of object ,保时捷股份公司,"W-D·施特罗贝尔, R·东克尔",2014-12-02,2015-12-02,2016-06-08,,https://patents.google.com/patent/CN105651473A/en,
CN-105667573-A,Rear axle steering system for motor vehicles ,保时捷股份公司,J·格茨,2014-12-04,2015-12-03,2016-06-15,,https://patents.google.com/patent/CN105667573A/en,
CN-105697114-A,Exhaust gas system of a motor vehicle ,保时捷股份公司,"B·米勒, M·门策尔",2014-12-15,2015-12-15,2016-06-22,,https://patents.google.com/patent/CN105697114A/en,
GB-2551241-B,Method for machining a surface of a metal component ,Porsche Ag,"Wels Peter, Flores Gerhard",2016-03-31,2017-03-22,2019-04-17,2019-04-17,https://patents.google.com/patent/GB2551241B/en,
CN-107869577-A,Activated apparatus ,保时捷股份公司,"M·西克尔特, A·克吕格尔, G·博芬格",2016-09-22,2017-09-18,2018-04-03,,https://patents.google.com/patent/CN107869577A/en,
CN-105564341-A,Outer cover component ,保时捷股份公司,R·戈贝尔,2014-11-05,2015-11-04,2016-05-11,,https://patents.google.com/patent/CN105564341A/en,
DE-102018201120-A1,On-board charger of an electric or hybrid vehicle ,"Dr. Ing. H.C. F. Porsche Ag, Fraunhofer-Gesellschaft zur Förderung der angewandten Forschung e.V.","Daniel Spesser, Tim Pfizenmaier, Stefan Endres",2018-01-24,2018-01-24,2019-07-25,,https://patents.google.com/patent/DE102018201120A1/en,https://patentimages.storage.googleapis.com/45/de/55/79defc2992e088/DE102018201120A1_0001.png
CN-105620451-A,Motor vehicle driven by hybrid power ,保时捷股份公司,F·埃尔默,2014-11-25,2015-11-24,2016-06-01,,https://patents.google.com/patent/CN105620451A/en,
DE-102016219057-A1,Device for adjusting air guide devices and body structure ,"Dr. Ing. H.C. F. Porsche Ag, Geiger Automotive Gmbh","Dominik Beierl, Klaus Pfister, Steffen Hölzel, Dimitar Danev, Markus Paulitsch, Heinz Klapper",2016-09-30,2016-09-30,2018-04-05,,https://patents.google.com/patent/DE102016219057A1/en,https://patentimages.storage.googleapis.com/67/ed/af/26ee7ec5291281/DE102016219057A1_0002.png
CN-104553720-A,Starter arrangement ,DrIngh.cF保时捷股份公司,"K.高斯拉布, H.C.巴茨, J.普夫吕格尔, R.布罗德森, W.赛德尔, K-P.克吕格尔",2013-09-27,2014-09-26,2015-04-29,,https://patents.google.com/patent/CN104553720A/en,
CN-104972961-A,Attachment Device ,F·波尔希名誉工学博士公司,"J·比格灵, G·希斯尔",2014-04-03,2015-04-02,2015-10-14,,https://patents.google.com/patent/CN104972961A/en,
CN-107031740-A,Method for the air guide element of motor vehicles ,保时捷股份公司,"C·保卢斯, C·申克",2015-12-15,2016-12-15,2017-08-11,,https://patents.google.com/patent/CN107031740A/en,
CN-108128372-A,Reception device is installed ,保时捷股份公司,"G·米希纳, B·艾克迈尔, J·雷格纳, G·格勒茨舍尔, P·加斯曼",2016-12-01,2017-12-01,2018-06-08,,https://patents.google.com/patent/CN108128372A/en,
CN-105691464-A,Vehicle structure ,保时捷股份公司,"H·克拉姆泽尔, O·普菲斯特雷尔, D·席贝勒",2014-12-10,2015-12-09,2016-06-22,,https://patents.google.com/patent/CN105691464A/en,
CN-106080087-A,Base apparatus for the suspension system of vehicle chassis wheel suspension ,保时捷股份公司,M·鲍曼,2015-04-28,2016-04-27,2016-11-09,,https://patents.google.com/patent/CN106080087A/en,
DE-102015016235-A1,Actuating device for reversing valves of an internal combustion engine and internal combustion engine ,"Dr. Ing. H.C. F. Porsche Ag, FEV Europe GmbH","Michael Paul, Uwe Schaffrath",2015-12-16,2015-12-16,2017-06-22,,https://patents.google.com/patent/DE102015016235A1/en,https://patentimages.storage.googleapis.com/b0/c9/37/76e45109e59b2d/DE102015016235A1_0002.png
DE-102015007767-A1,"Silencer for an exhaust system of a motor vehicle, exhaust system and motor vehicle ","Dr. Ing. H.C. F. Porsche Ag, Tenneco Gmbh","Bernd Müller, Markus Menzel, Michael Weidner",2015-06-18,2015-06-18,2016-12-22,,https://patents.google.com/patent/DE102015007767A1/en,https://patentimages.storage.googleapis.com/1c/5b/a3/87d1dfd74b1661/DE102015007767A1_0002.png
CN-106809004-A,Charging point neck member ,保时捷股份公司,"J·克伦克, A·夸特沙乔, W·施佩克",2015-09-22,2016-09-22,2017-06-09,,https://patents.google.com/patent/CN106809004A/en,
ES-2854073-T3,Transformer device for a charging station for the electric charging of vehicles with at least two charging points ,Porsche Ag,"Stefan Götz, Christoph Roggendorf",2017-12-19,2018-08-23,2021-09-20,2021-09-20,https://patents.google.com/patent/ES2854073T3/en,
DE-102018209715-B4,Charging device for performing a conductive charging process on a vehicle ,"Dr. Ing. H.C. F. Porsche Ag, FZI Forschungszentrum Informatik","Erik Herkenrath, Nicolas Hügel, Timothee Büttner, Georg Heppner",2018-06-15,2018-06-15,2022-02-03,2022-02-03,https://patents.google.com/patent/DE102018209715B4/en,https://patentimages.storage.googleapis.com/96/81/f1/68052379fe2757/DE102018209715B4_0001.png
CN-107037877-A,Motor vehicles ,保时捷股份公司,M·屈纳,2015-12-01,2016-12-01,2017-08-11,,https://patents.google.com/patent/CN107037877A/en,
CN-105587355-A,Switching camshaft and arrangement of drivable accommodation part of switching camshaft ,保时捷股份公司,"A·许茨勒, M·瓦尔, T·沙尔, D·贝克尔, M·彭策尔",2014-11-12,2015-11-12,2016-05-18,,https://patents.google.com/patent/CN105587355A/en,
ES-2863305-T3,Docking facility with a cross-braced docking station for a clamping frame ,"Tms Turnkey Mfg Solutions Gmbh, Porsche Ag","Erwin Holzer, Christoph Mayrhofer, Roland Malzner, Jürgen Mildenberger",2016-11-15,2017-11-14,2021-10-11,2021-10-11,https://patents.google.com/patent/ES2863305T3/en,
CN-107776474-A,Method for capturing object in the environment of vehicle ,保时捷股份公司,"S·泽纳, C·施奈德",2016-08-24,2017-08-22,2018-03-09,,https://patents.google.com/patent/CN107776474A/en,
DE-102014012542-A1,Method for determining an operating state of a battery system ,"Deutsches Zentrum für Luft- und Raumfahrt e.V. (DLR), Dr. Ing. H.C. F. Porsche Ag","Dana Köhn, Michael Werner, Dominik Schwichtenhövel, Josef Kallo, Alexander Bauder",2014-08-28,2014-08-28,2016-03-03,,https://patents.google.com/patent/DE102014012542A1/en,https://patentimages.storage.googleapis.com/12/e7/09/3792a78a73418c/DE102014012542A1_0002.png
DE-102013021767-B4,spoiler arrangement ,Dr. Ing. H.C. F. Porsche Ag,"Sebastian Weber, Joachim Paul, Alecsandra Micu, Carsten Witt",2013-12-20,2013-12-20,2023-02-16,2023-02-16,https://patents.google.com/patent/DE102013021767B4/en,https://patentimages.storage.googleapis.com/80/86/fd/331822249d7ec6/DE102013021767B4_0001.png
US-11777159-B2,Traction battery module for a vehicle ,Dr. Ing. H.C. F. Porsche Aktiengesellschaft,"Philipp Kellner, Christopher Volkmer, Sascha Mostofi, Dieter Schiebel",2020-05-29,2021-05-28,2023-10-03,2023-10-03,https://patents.google.com/patent/US11777159B2/en,https://patentimages.storage.googleapis.com/38/27/d7/3162bf3700e72f/US11777159-20231003-D00000.png
WO-2020254350-A1,Corner case detection and collection for a path planning system ,"Volkswagen Aktiengesellschaft, Audi Ag, Dr. Ing. H.C.F. Porsche Ag","Xinwei GONG, Sai NOOKA",2019-06-21,2020-06-17,2020-12-24,,https://patents.google.com/patent/WO2020254350A1/en,
EP-3521791-A1,Steering test bench ,Dr. Ing. h.c. F. Porsche AG,"Eric Preising, Jan Roming, Benedikt Schrage",2018-02-06,2018-08-22,2019-08-07,,https://patents.google.com/patent/EP3521791A1/en,https://patentimages.storage.googleapis.com/7a/fe/18/444564037c265a/imgf0001.png
EP-2969636-A1,Centre console arrangement for a motor vehicle ,Dr. Ing. h.c. F. Porsche AG,"Thomas Mim, Lutz Krauss, Alexander Bogner, Franz-Josef Siegert, Anke Wilhelm, Rolf Hartmann",2013-03-13,2014-02-22,2016-01-20,,https://patents.google.com/patent/EP2969636A1/en,
EP-3561786-B1,Method and device for operating a vehicle ,Dr. Ing. h.c. F. Porsche AG,Mark Foligno,2018-04-24,2018-04-24,2022-10-26,2022-10-26,https://patents.google.com/patent/EP3561786B1/en,https://patentimages.storage.googleapis.com/84/1f/3c/4f5150a59b6acc/imgf0001.png
EP-3471244-A1,Method for assembling of electrical machine rotors ,Dr. Ing. h.c. F. Porsche AG,"Johannes Stoll, Gregor Michna, Jürgen Fleischer, Manuel Peter",2017-10-12,2018-05-24,2019-04-17,,https://patents.google.com/patent/EP3471244A1/en,https://patentimages.storage.googleapis.com/41/cc/ce/265cd9757130af/imgf0001.png
NO-20200398-A1,Procedure for charging a vehicle and vehicles ,Porsche Ag,"Daniel Spesser, Tim Pfizenmaier, Florian Mayer",2019-04-09,2020-04-01,2020-10-12,,https://patents.google.com/patent/NO20200398A1/en,
WO-2021249659-A1,Additively manufactured article and method for producing an additively manufactured article ,"Volkswagen Aktiengesellschaft, Audi Ag, Dr. Ing. H.C.F. Porsche Ag",Lars Frederik PEISS,2020-06-12,2020-07-30,2021-12-16,,https://patents.google.com/patent/WO2021249659A1/en,
WO-2020254348-A1,Autonomous transportation vehicle image augmentation field ,"Volkswagen Aktiengesellschaft, Audi Ag, Dr. Ing. H.C.F. Porsche Ag","Xinwei GONG, Sai NOOKA",2019-06-21,2020-06-17,2020-12-24,,https://patents.google.com/patent/WO2020254348A1/en,
WO-2021018728-A1,Road curvature generation in real-world images as a method of data augmentation ,"Volkswagen Aktiengesellschaft, Audi Ag, Dr. Ing. H.C.F. Porsche Ag",Xinwei GONG,2019-07-26,2020-07-23,2021-02-04,,https://patents.google.com/patent/WO2021018728A1/en,
WO-2020212327-A1,Wind deflector for a windscreen wiper system of a motor vehicle ,"Audi Ag, Dr. Ing. H.C.F. Porsche Ag, A.Raymond Et Cie, Volkswagen Ag","Stephan HAEFNER, Frank Ackermann, Sven Auch, Axel Feger, Karl Bode",2019-04-16,2020-04-14,2020-10-22,,https://patents.google.com/patent/WO2020212327A1/en,
NO-20151755-A1,Method and apparatus for electrically charging a high-voltage battery from an AC power supply system ,Porsche Ag,Daniel Spesser,2015-01-29,2015-12-18,2016-08-01,,https://patents.google.com/patent/NO20151755A1/en,
US-11611257-B2,Method and stator for optimized slot base insulation ,Dr. Ing. H. C. F. Porsche Ag,"Stefan Goetz, Oliver Heil",2019-02-11,2020-02-11,2023-03-21,2023-03-21,https://patents.google.com/patent/US11611257B2/en,https://patentimages.storage.googleapis.com/9a/30/8a/660724653c4ac4/US11611257-20230321-D00000.png
US-11611248-B2,"Stator for an electric machine with improved cooling, electric machine and motor vehicle ",Dr. Ing. H. C. F. Porsche Ag,Stefan Goetz,2019-08-02,2020-07-30,2023-03-21,2023-03-21,https://patents.google.com/patent/US11611248B2/en,https://patentimages.storage.googleapis.com/37/75/c7/b653dec90493ac/US11611248-20230321-D00000.png
US-11654706-B2,Method for printing a surface with a printed pattern ,Dr. Ing. H. C. F. Porsche Ag,Roman Komolzew,2019-01-30,2020-01-30,2023-05-23,2023-05-23,https://patents.google.com/patent/US11654706B2/en,https://patentimages.storage.googleapis.com/1e/d3/19/11658e89f0bb08/US11654706-20230523-D00000.png
US-11264863-B2,Rotor of an electric machine and method for producing same ,Dr. Ing. H. C. F. Porsche Ag,Peter Wurster,2019-04-25,2020-04-27,2022-03-01,2022-03-01,https://patents.google.com/patent/US11264863B2/en,https://patentimages.storage.googleapis.com/d9/e5/23/13a4ce0651d9a2/US11264863-20220301-D00000.png
US-11352929-B2,Catalytic converter for an internal combustion engine and method for operating a catalytic converter ,Dr. Ing. H. C. F. Porsche Ag,Uli Sofan,2019-02-06,2020-02-06,2022-06-07,2022-06-07,https://patents.google.com/patent/US11352929B2/en,https://patentimages.storage.googleapis.com/40/a5/dd/f747d01b771117/US11352929-20220607-D00000.png
US-11359580-B2,Device for injecting an emulsion into an internal combustion engine of a motor vehicle ,Dr. Ing. H. C. F. Porsche Ag,Hartmut Voss,2019-02-06,2020-02-06,2022-06-14,2022-06-14,https://patents.google.com/patent/US11359580B2/en,https://patentimages.storage.googleapis.com/7f/16/ad/3ad36f60442665/US11359580-20220614-D00000.png
US-11511631-B2,Leadframe for a battery apparatus of an electric vehicle ,Dr. Ing. H. C. F. Porsche Ag,"Philipp Trautmann, Calin Baicu, Graef Guenther",2019-02-13,2020-02-13,2022-11-29,2022-11-29,https://patents.google.com/patent/US11511631B2/en,https://patentimages.storage.googleapis.com/e8/b4/78/277aea217889ca/US11511631-20221129-D00000.png
US-11565593-B2,Holding apparatus for current and signal conductors of a traction battery of a motor vehicle ,Dr. Ing. H. C. F Porsche Ag,"Armin Steck, Felix Brendecke",2019-03-18,2020-03-18,2023-01-31,2023-01-31,https://patents.google.com/patent/US11565593B2/en,https://patentimages.storage.googleapis.com/8c/4e/52/21b8d862142563/US11565593-20230131-D00000.png
US-11764420-B2,Battery module of a high-voltage battery for an electric vehicle ,Dr. Ing h. c. F. Porsche AG,"Sascha Mostofi, Philipp Kellner",2019-05-09,2020-05-08,2023-09-19,2023-09-19,https://patents.google.com/patent/US11764420B2/en,https://patentimages.storage.googleapis.com/83/5c/44/c3f9e357c637d5/US11764420-20230919-D00000.png
US-11575273-B2,Method carried out before charging a vehicle battery to influence a charging process to conform the charging process with a user preference inputted before commencing the charging process and apparatus for performing the method ,"Dr, Ing. h. c. F. Porsche AG",Thomas Rauner,2019-07-03,2020-07-06,2023-02-07,2023-02-07,https://patents.google.com/patent/US11575273B2/en,https://patentimages.storage.googleapis.com/e0/a9/0b/12c434feb605b3/US11575273-20230207-D00000.png
US-10886576-B2,Electric vehicle battery cell with sense tabs ,"Volkswagen Ag, Audi Ag, Dr. Ing. H.C.F. Porsche Ag","Mirko Herrmann, Angela Speidel",2018-04-12,2018-04-12,2021-01-05,2021-01-05,https://patents.google.com/patent/US10886576B2/en,https://patentimages.storage.googleapis.com/22/e8/9f/3fb79f163048fe/US10886576-20210105-D00000.png
CN-104565515-A,Thermostatic valve ,Dr.Ing.h.c.F.保时捷股份公司,"T·格费特, F·布卢姆",2013-10-22,2014-10-21,2015-04-29,,https://patents.google.com/patent/CN104565515A/en,
US-11637505-B2,Rectifier arrangement ,Dr. Ing. H. C. F. Porsche Ag,"Daniel Spesser, Tim Pfizenmaier, Florian Mayer, Stefan Endres",2020-07-21,2021-07-21,2023-04-25,2023-04-25,https://patents.google.com/patent/US11637505B2/en,https://patentimages.storage.googleapis.com/47/a4/c1/5347db6f0dbf4b/US11637505-20230425-D00000.png
US-11639782-B2,Headlamp and headlamp system for a motor vehicle ,Dr. Ing. H. C. F. Porsche Ag,"Benjamin Hummel, Dominik Walter, Johannes Grabowski",2021-06-11,2022-06-10,2023-05-02,2023-05-02,https://patents.google.com/patent/US11639782B2/en,https://patentimages.storage.googleapis.com/93/f8/49/d764823aa740c3/US11639782-20230502-D00000.png
US-11728524-B2,Battery arrangement for an electrically drivable motor vehicle ,Dr. Ing. H. C. F. Porsche Ag,Dominik Grass,2020-03-03,2021-01-22,2023-08-15,2023-08-15,https://patents.google.com/patent/US11728524B2/en,https://patentimages.storage.googleapis.com/a9/e8/7d/e3b7b1e1ffef77/US11728524-20230815-D00000.png
US-11485277-B2,Method and system for deducing a reduced image refresh frequency in high definition headlights ,Dr. Ing. H. C. F. Porsche Ag,"Dominik Walter, Johannes Grabowski",2020-12-03,2021-12-02,2022-11-01,2022-11-01,https://patents.google.com/patent/US11485277B2/en,https://patentimages.storage.googleapis.com/75/de/7d/d9d1d7efc41c0a/US11485277-20221101-D00000.png
US-11563352-B2,Electric machine with a housing a stator and seals on housing protrusions ,Dr. Ing. H.C. F. Porsche Ag,"Daniel Knoblauch, Stefan Oechslen",2020-08-14,2021-06-30,2023-01-24,2023-01-24,https://patents.google.com/patent/US11563352B2/en,https://patentimages.storage.googleapis.com/f9/1d/92/06c1b5d09a7885/US11563352-20230124-D00000.png
US-11654840-B2,Paneling element for a vehicle interior compartment and method for producing a paneling element cross reference to related application ,Dr. Ing. H. C. F. Porsche Ag,Stefan Schmitz,2019-10-28,2020-10-28,2023-05-23,2023-05-23,https://patents.google.com/patent/US11654840B2/en,https://patentimages.storage.googleapis.com/2e/ae/a7/299092f8507efd/US11654840-20230523-D00000.png
DE-102016007305-A1,Method for operating an operating device for a motor vehicle and operating device ,"Audi Ag, Dr. Ing. H.C. F. Porsche Ag","Manuel Kühner, Marco Vitello, Ulrich Müller",2016-06-16,2016-06-16,2017-12-21,,https://patents.google.com/patent/DE102016007305A1/en,https://patentimages.storage.googleapis.com/7d/0e/c4/0b9b487fe32d20/DE102016007305A1_0002.png
DE-102019126350-B3,Internal combustion engine of a motor vehicle and method for operating the same ,"Dr. Ing. H.C. F. Porsche Ag, Volkswagen Aktiengesellschaft","André Casal-Kulzer, Frank Schürg, Wolfgang Zücker, Gerald Block, Andreas Grote, Christian Maas, Kerstin Brandes",2019-09-30,2019-09-30,2020-12-17,2020-12-17,https://patents.google.com/patent/DE102019126350B3/en,https://patentimages.storage.googleapis.com/c0/fa/b6/77e97f97f705e5/DE102019126350B3_0001.png
DE-102018130424-A1,Control device with damping element ,"Audi Ag, Dr. Ing. H.C. F. Porsche Ag","Andreas Spahmann, Nicole Barth, Manuel Kühner",2018-11-30,2018-11-30,2020-06-04,,https://patents.google.com/patent/DE102018130424A1/en,https://patentimages.storage.googleapis.com/35/d1/5d/31d982aa8a7e8c/DE102018130424A1_0001.png
DE-102017204350-B3,Arrangement for driving simulation of glare effects ,"Dr. Ing. H.C. F. Porsche Ag, Volkswagen Ag","Steffen Strebel, Youssef Chamseddine, Stefan Miemietz",2017-03-15,2017-03-15,2018-09-13,2018-09-13,https://patents.google.com/patent/DE102017204350B3/en,https://patentimages.storage.googleapis.com/ae/d1/1a/eaf8e65f03099b/DE102017204350B3_0001.png
US-2023114926-A1,"Fastening assembly having a bearing bracket for fastening an axle carrier, and method for mounting an axle carrier ","Audi Ag, Dr. Ing. H.C. F. Porsche Ag","Gilbert Schantl, Thomas Artner, Hans-Peter Frensch, Marek Bujak, Thomas Wittenschläger, Stefan Rugies, Thomas Achleitner",2020-05-25,2021-03-23,2023-04-13,,https://patents.google.com/patent/US20230114926A1/en,https://patentimages.storage.googleapis.com/47/a7/45/1805ac560b9e93/US20230114926A1-20230413-D00000.png
DE-102021103630-A1,Light unit for a vehicle for generating multiple light functions ,"Dr.Ing.H.C. F. Porsche Ag, Volkswagen Aktiengesellschaft","Heiko Schröder, Roman Danov, Stefan Brückner",2021-02-16,2021-02-16,2022-08-18,,https://patents.google.com/patent/DE102021103630A1/en,https://patentimages.storage.googleapis.com/c7/eb/7a/21981d6ec21248/DE102021103630A1_0001.png
DE-102019126365-B3,Internal combustion engine of a motor vehicle and method for operating the same ,"Dr. Ing. H.C. F. Porsche Ag, Volkswagen Aktiengesellschaft","André Casal-Kulzer, Frank Schürg, Wolfgang Zücker, Kerstin Brandes, Gerald Block, Christian Maas, Andreas Grote",2019-09-30,2019-09-30,2020-11-12,2020-11-12,https://patents.google.com/patent/DE102019126365B3/en,https://patentimages.storage.googleapis.com/32/a2/98/42f1601dc4ff26/DE102019126365B3_0001.png
CN-115107689-A,Collision detection device for a traction battery of a motor vehicle and motor vehicle having a collision detection device ,"奥迪股份公司, F.波尔希名誉工学博士公司","I·布兰迪奇, M·格鲁普, J·劳施, O·斯托尔",2021-03-17,2022-03-17,2022-09-27,,https://patents.google.com/patent/CN115107689A/en,https://patentimages.storage.googleapis.com/db/5b/dc/c70829560b8b92/917797.png
US-2022410844-A1,Wind deflector for a window wiper system of a motor vehicle ,"Audi Ag, Dr. Ing. H.C.F. Porsche Ag, A.Raymond Et Cie, Volkswagen Ag","Stephan Haefner, Frank Ackermann, Sven Auch, Axel Feger, Karl Bode",2019-04-16,2020-04-14,2022-12-29,,https://patents.google.com/patent/US20220410844A1/en,https://patentimages.storage.googleapis.com/ad/a6/9d/3b7f10648449b2/US20220410844A1-20221229-D00000.png
DE-102014115585-A1,Electric charging system for an electric or hybrid vehicle ,"Audi Ag, Dr. Ing. H.C. F. Porsche Ag","Sami Zaki, Daniel Spesser",2014-10-27,2014-10-27,2016-04-28,,https://patents.google.com/patent/DE102014115585A1/en,
CN-108146231-A,For filling the device of motor vehicles storage tank with fuel ,保时捷股份公司,"J·拜尔, L·特伦德尔",2016-12-02,2017-12-01,2018-06-12,,https://patents.google.com/patent/CN108146231A/en,
CN-105584422-A,Support device for swingingly supporting rear window rack ,保时捷股份公司,T·格莱姆,2014-11-11,2015-11-10,2016-05-18,,https://patents.google.com/patent/CN105584422A/en,
CN-107640029-A,Method for controlling drive component ,保时捷股份公司,"T·鲁莱特, C·肖尔茨, H·T·范",2016-07-20,2017-07-18,2018-01-30,,https://patents.google.com/patent/CN107640029A/en,
DE-102014100559-A1,Connection for a body component ,Dr. Ing. H.C. F. Porsche Ag,"Philipp Kellner, Salvatore Maltisotto, Thomas Mache",2014-01-20,2014-01-20,2015-07-23,,https://patents.google.com/patent/DE102014100559A1/en,https://patentimages.storage.googleapis.com/3f/8a/2b/c7da3205438a93/DE102014100559A1_0002.png
DE-102017105348-A1,Suspension spring for an engine mount and engine mount for mounting a drive unit of a motor vehicle ,Dr. Ing. H.C. F. Porsche Ag,Sebastian Watzl,2017-03-14,2017-03-14,2018-09-20,,https://patents.google.com/patent/DE102017105348A1/en,https://patentimages.storage.googleapis.com/e0/01/a4/7f5bf2a82e40c3/DE102017105348A1_0001.png
CN-105818727-A,Cup holder device used for motor vehicle ,保时捷股份公司,D·阿诺德,2015-01-23,2015-12-10,2016-08-03,,https://patents.google.com/patent/CN105818727A/en,
CN-107806478-A,Universal drive shaft with axial securing means for impeller ,保时捷股份公司,P·埃斯卡,2016-08-30,2017-08-28,2018-03-16,,https://patents.google.com/patent/CN107806478A/en,
CN-105716872-A,Cover for test stand of performing aerodynamic measurement on vehicles ,保时捷股份公司,"J·米德尔, W·厄斯特勒",2014-12-17,2015-12-16,2016-06-29,,https://patents.google.com/patent/CN105716872A/en,
DE-102016221994-A1,Vehicle component and method of manufacture ,"Dr. Ing. H.C. F. Porsche Ag, Hib Trim Part Solutions Gmbh","Volker Sieber, Dorothee Haid, Uwe Schnabel",2016-11-09,2016-11-09,2018-05-09,,https://patents.google.com/patent/DE102016221994A1/en,https://patentimages.storage.googleapis.com/46/cf/e8/15de7c32b9a200/DE102016221994A1_0001.png
CN-106394472-A,Knee retainer with a heat-conducting device ,保时捷股份公司,"T·布吕宁, O·迈尔, C·施托克特, B·瓦尔拉贝",2015-07-27,2016-07-27,2017-02-15,,https://patents.google.com/patent/CN106394472A/en,
DE-102017217755-A1,Charging station for electric cars with removable and / or hinged hood ,"Ads-Tec Gmbh, Dr. Ing. H.C. F. Porsche Ag","Raoul Heyne, Florian Joslowski, Michael Kiefer, Thomas Speidel, Matthias Bohner",2017-10-06,2017-10-06,2019-04-11,,https://patents.google.com/patent/DE102017217755A1/en,https://patentimages.storage.googleapis.com/c5/54/3b/1372d90e3c9d67/DE102017217755A1_0001.png
DE-102017220873-A1,Communication device of a motor vehicle and method for operating the same ,"Dr. Ing. H.C. F. Porsche Ag, Technische Universität Darmstadt","Christoph Peusens, Daniel Burgstahler",2017-11-22,2017-11-22,2019-05-23,,https://patents.google.com/patent/DE102017220873A1/en,https://patentimages.storage.googleapis.com/15/93/b8/dea77d2bf844d8/DE102017220873A1_0014.png
CN-106334763-A,"Method for producing end pipe pore plate or pipe component, and device for production of same ",保时捷股份公司,U·绍凡,2015-07-08,2016-07-08,2017-01-18,,https://patents.google.com/patent/CN106334763A/en,
CN-110539689-A,Method for adapting the orientation of a headlight ,保时捷股份公司,S·泽纳,2018-05-28,2018-05-28,2019-12-06,,https://patents.google.com/patent/CN110539689A/en,
DE-102016108029-A1,Folding top for a passenger car ,"Dr. Ing. H.C. F. Porsche Ag, Magna Car Top Systems Gmbh","Kai Geißenhöner, Detlef Ranft, Gunnar Wilke, Pawel Spychala",2016-04-29,2016-04-29,2017-11-02,,https://patents.google.com/patent/DE102016108029A1/en,https://patentimages.storage.googleapis.com/d1/3c/27/a34b1c91af9c2d/DE102016108029A1_0002.png
CN-107781320-A,The method trackslipped for the clutch apparatus for controlling speed changer ,保时捷股份公司,"J·布贝克, H·格罗斯, S·温特哈尔特, C·菲舍尔, V·斯托依梅诺夫",2016-08-24,2017-08-22,2018-03-09,,https://patents.google.com/patent/CN107781320A/en,
DE-102016015443-B4,Method for adjusting the valve clearance on an internal combustion engine ,"Dr. Ing. H.C. F. Porsche Ag, Kuka Systems Gmbh","Hanns-Jörg Buhlen, Andreas Pusche, Daniel Moch, Walter Buck, Peter Krauss, Alexander Schwenger, Ralf Rakowski, Normann Bolte, Ulli Pokaar",2016-12-23,2016-12-23,2018-10-25,2018-10-25,https://patents.google.com/patent/DE102016015443B4/en,https://patentimages.storage.googleapis.com/c5/65/03/a06e2034e7f157/DE102016015443B4_0003.png
CN-205638606-U,Muffler for motor vehicle ,保时捷股份公司,T·劳博尔,2014-12-18,2015-12-10,2016-10-12,2016-10-12,https://patents.google.com/patent/CN205638606U/en,
US-2023316267-A1,Vehicle data sharing for collaborative driving experience ,Dr. Ing. H.C. F. Porsche Aktiengesellschaft,"Ethan Papp, Thomas Lai, Cyril Dorsaz",2022-04-01,2022-04-01,2023-10-05,,https://patents.google.com/patent/US20230316267A1/en,https://patentimages.storage.googleapis.com/4a/c1/1e/e04a6cc28ac20f/US20230316267A1-20231005-D00000.png
US-D1000347-S,Aircraft ,Dr. Ing. H.C. F. Porsche Aktiengesellschaft,Guan Chew,2019-07-03,2020-01-02,2023-10-03,2023-10-03,https://patents.google.com/patent/USD1000347S1/en,https://patentimages.storage.googleapis.com/06/c5/34/7698f61c650cc1/USD1000347-20231003-D00000.png
US-D1000339-S,Exhaust pipe for motor vehicle ,Dr. Ing. H.C. F. Porsche Aktiengesellschaft,Grant Larson,2021-05-20,2021-10-18,2023-10-03,2023-10-03,https://patents.google.com/patent/USD1000339S1/en,https://patentimages.storage.googleapis.com/de/a5/15/3bf68a61ab1835/USD1000339-20231003-D00000.png
US-2023318418-A1,Rotor device for an electric motor and method for producing this rotor device ,Dr. Ing. H.C. F. Porsche Aktiengesellschaft,"Peter Wurster, Patrick Knecht, Johannes Lange, Florian Braunbeck, Tobias Engelhardt",2022-03-29,2023-03-23,2023-10-05,,https://patents.google.com/patent/US20230318418A1/en,https://patentimages.storage.googleapis.com/9e/f4/9d/32f0177e09d1c1/US20230318418A1-20231005-D00000.png
US-11777183-B2,Battery housing for a motor vehicle battery ,Dr. Ing. H.C. F. Porsche Aktiengesellschaft,"Michael Werner, Alexander Klausmann",2020-08-05,2021-07-08,2023-10-03,2023-10-03,https://patents.google.com/patent/US11777183B2/en,https://patentimages.storage.googleapis.com/00/4f/c0/d9a2bd757ff43f/US11777183-20231003-D00000.png
US-2023314602-A1,"Method, system, and computer program product for determining the position of a moving object relative to another object ",Dr. Ing. H.C. F. Porsche Aktiengesellschaft,"Muhammed Tuerker, Ehsan Sharafian Ardakani, Janik Chrobak",2022-04-01,2023-03-31,2023-10-05,,https://patents.google.com/patent/US20230314602A1/en,https://patentimages.storage.googleapis.com/3b/6d/13/cfbd8392dca427/US20230314602A1-20231005-D00000.png
US-2023318131-A1,Battery having a cooling element connectable as a bypass and method for cooling a gas generated in the battery ,Dr. Ing. H.C. F. Porsche Aktiengesellschaft,"Philipp Kellner, Sascha Mostofi, Christopher Volkmer, Gabriel Dilmac",2022-03-30,2023-03-29,2023-10-05,,https://patents.google.com/patent/US20230318131A1/en,https://patentimages.storage.googleapis.com/48/93/f9/7c34ec78df4abd/US20230318131A1-20231005-D00000.png
GB-202312586-D0,Cooling system for an electric traction machine for a motor vehicle ,Dr Ing H C F Porsche Ag,,2022-10-05,2023-08-17,2023-10-04,,https://patents.google.com/patent/GB202312586D0/en,
GB-202312587-D0,A cooling system for an electric traction machine for a motor vehicle ,Dr Ing H C F Porsche Ag,,2022-10-05,2023-08-17,2023-10-04,,https://patents.google.com/patent/GB202312587D0/en,
US-11777436-B2,Method and system for a safety concept for an AC battery ,Dr. Ing. H.C. F. Porsche Aktiengesellschaft,"Harald Schöffler, Sven Lill, Hermann Helmut Dibos, Daniel Simon, Eduard Specht, Christian Korte, Jan Kacetl, Tomas Kacetl",2020-11-05,2021-11-04,2023-10-03,2023-10-03,https://patents.google.com/patent/US11777436B2/en,https://patentimages.storage.googleapis.com/ff/54/81/cbeeed2106c8c0/US11777436-20231003-D00000.png
US-2023312023-A1,Cargo floor for a motor vehicle ,Dr. Ing. H.C. F. Porsche Aktiengesellschaft,"Michael Johann, Nico Wollitzer, Felix Adam",2022-03-29,2023-02-13,2023-10-05,,https://patents.google.com/patent/US20230312023A1/en,https://patentimages.storage.googleapis.com/90/9d/be/5f79489335ec64/US20230312023A1-20231005-D00000.png
US-2023318432-A1,Method and system for modifying carrier signals during phase-shifted pulse width modulation ,Dr. Ing. H.C. F. Porsche Aktiengesellschaft,"Stefan Götz, Tomas Kacetl, Jan Kacetl, Nima Tashakor",2022-03-30,2022-07-08,2023-10-05,,https://patents.google.com/patent/US20230318432A1/en,https://patentimages.storage.googleapis.com/1e/9f/00/9ac5406e7bce09/US20230318432A1-20231005-D00000.png
GB-202312693-D0,Thermal circuit for a thermal management system of an electrified vehicle ,Dr Ing H C F Porsche Ag,,2022-08-26,2023-08-18,2023-10-04,,https://patents.google.com/patent/GB202312693D0/en,
GB-202312694-D0,Injection assembly for feeding viscous filler material as well as method for injection ,Dr Ing H C F Porsche Ag,,2022-08-24,2023-08-18,2023-10-04,,https://patents.google.com/patent/GB202312694D0/en,
US-11772566-B2,Vehicle safe ,Dr. Ing. H.C. F. Porsche Aktiengesellschaft,"Jasmin Ostertag, Erwin Götz",2020-12-15,2021-11-18,2023-10-03,2023-10-03,https://patents.google.com/patent/US11772566B2/en,https://patentimages.storage.googleapis.com/ae/19/c6/742ada7182cf8c/US11772566-20231003-D00000.png
GB-202312692-D0,Injection assembly for feeding viscous filler material as well as method for injection ,Dr Ing H C F Porsche Ag,,2022-08-24,2023-08-18,2023-10-04,,https://patents.google.com/patent/GB202312692D0/en,
US-11772721-B2,Motor vehicle with a rear diffuser ,Dr. Ing. H.C. F. Porsche Aktiengesellschaft,"Sven Wallrabe, Ilya Senchenkov, Dominik Beierl",2020-12-04,2021-11-30,2023-10-03,2023-10-03,https://patents.google.com/patent/US11772721B2/en,https://patentimages.storage.googleapis.com/12/08/23/3763c7e049db47/US11772721-20231003-D00000.png
US-11772613-B2,Securing device for securing a standstill of a vehicle ,Dr. Ing. H.C. F. Porsche Aktiengesellschaft,"Michael Bott, Bernhard Schweizer",2019-04-24,2020-04-23,2023-10-03,2023-10-03,https://patents.google.com/patent/US11772613B2/en,https://patentimages.storage.googleapis.com/1b/0c/62/cdfc685a890802/US11772613-20231003-D00000.png
US-11772482-B2,Air guiding element ,Dr. Ing. H.C. F. Porsche Aktiengesellschaft,Sebastian Harter,2021-05-21,2022-05-17,2023-10-03,2023-10-03,https://patents.google.com/patent/US11772482B2/en,https://patentimages.storage.googleapis.com/a9/71/8c/315a1e0b407722/US11772482-20231003-D00000.png
US-2023311568-A1,Wheel hub and associated motor vehicle ,Dr. Ing. H.C. F. Porsche Aktiengesellschaft,"Patrick Königstein, Tobias Lörcher, Andreas HIGLE",2022-04-04,2023-01-25,2023-10-05,,https://patents.google.com/patent/US20230311568A1/en,https://patentimages.storage.googleapis.com/7d/ac/9b/4f2f7dbd78e75d/US20230311568A1-20231005-D00000.png
EP-3995350-A1,Method and system for controlling a contactor in a traction system ,Dr. Ing. h.c. F. Porsche AG,"Daniel Simon, Hermann Helmut DIBOS, Eduard Specht",2020-11-05,2021-08-20,2022-05-11,,https://patents.google.com/patent/EP3995350A1/en,https://patentimages.storage.googleapis.com/a5/3b/40/02d583078e9efa/imgf0001.png
EP-3996229-A1,Method and system for configuring an alternating current battery for ac charging ,Dr. Ing. h.c. F. Porsche AG,"Daniel Simon, Eduardt Specht, Hermann Helmut DIBOS, Tomas Kacetl, Malte Jaensch, Stefan GÖTZ, Jan Kacetl",2020-11-05,2021-09-22,2022-05-11,,https://patents.google.com/patent/EP3996229A1/en,https://patentimages.storage.googleapis.com/eb/ec/f5/b4f1329309b98a/imgf0001.png
EP-3926302-A1,Method and apparatus for planning a return trip between a given starting point and a given destination ,Dr. Ing. h.c. F. Porsche AG,"Sebastian KNAPP, Peter Sanders, Tobias ZÜNDORF",2020-06-18,2020-06-18,2021-12-22,,https://patents.google.com/patent/EP3926302A1/en,https://patentimages.storage.googleapis.com/f6/dd/c0/fac41a5c225335/imgf0001.png
EP-3945670-A1,Controlled active snubber in converter power stage ,Dr. Ing. h.c. F. Porsche AG,"Alexandre Reis, Muhammad Mobeen Mahmood",2020-07-29,2021-06-16,2022-02-02,,https://patents.google.com/patent/EP3945670A1/en,https://patentimages.storage.googleapis.com/f7/08/86/5484aec5b09e48/imgf0001.png
EP-3916334-A1,Cooling device for a motor vehicle battery ,"Dr. Ing. h.c. F. Porsche AG, MAN Truck & Bus SE","Oliver Steiner, Manuel Gross, Tim Schmidt, Dominik Grass, Martina EISELE, Jan Jalowietzki, Erdogan Kigin, Johannes STIMMING",2020-05-27,2021-05-18,2021-12-01,,https://patents.google.com/patent/EP3916334A1/en,https://patentimages.storage.googleapis.com/ab/14/49/e4de7615bcf903/imgf0001.png
EP-4039532-A1,Dc charging column and method of charging a battery of a motor vehicle ,Dr. Ing. h.c. F. Porsche AG,"Raoul Heyne, Timo Massierer",2021-02-09,2021-11-02,2022-08-10,,https://patents.google.com/patent/EP4039532A1/en,https://patentimages.storage.googleapis.com/55/03/8c/ab43d22d8613a1/imgf0001.png
EP-3520954-A1,Mounting system for mounting a sealing profile on a car body flange ,Dr. Ing. h.c. F. Porsche AG,"Sascha Tittelwitz, Thomas SCHMIDBERGER",2018-01-31,2018-08-22,2019-08-07,,https://patents.google.com/patent/EP3520954A1/en,https://patentimages.storage.googleapis.com/c3/18/cc/b42dc0b54388fa/imgf0001.png
EP-3536534-A1,Autonomous vehicle ,Dr. Ing. h.c. F. Porsche AG,Mark Foligno,2018-03-07,2018-03-07,2019-09-11,,https://patents.google.com/patent/EP3536534A1/en,https://patentimages.storage.googleapis.com/8f/19/79/9b6832dae84a3d/imgf0001.png
EP-3995839-A1,Method for measuring a current and current measurement device ,Dr. Ing. h.c. F. Porsche AG,"Daniel Simon, Sven Lill, Harald Schöffler",2020-11-05,2021-09-22,2022-05-11,,https://patents.google.com/patent/EP3995839A1/en,https://patentimages.storage.googleapis.com/45/b3/7d/2a99ba82e3cbac/imgf0001.png
EP-3431339-A1,Covering device for covering a luggage area ,Dr. Ing. h.c. F. Porsche AG,Reinhard Düpjohann,2017-07-19,2018-06-28,2019-01-23,,https://patents.google.com/patent/EP3431339A1/en,https://patentimages.storage.googleapis.com/89/82/83/c46e7055fab434/imgf0001.png
EP-4194813-A1,Method and apparatus for assisting a driver of a plug-in electric vehicle ,Dr. Ing. h.c. F. Porsche AG,Mark Foligno,2021-12-07,2021-12-07,2023-06-14,,https://patents.google.com/patent/EP4194813A1/en,https://patentimages.storage.googleapis.com/29/c7/a8/c42df578b0af62/imgf0001.png
EP-3996235-A1,Method and system for monitoring the charge level of an ac battery ,Dr. Ing. h.c. F. Porsche AG,"Daniel Simon, Eduard Specht, Jan Kacetl, Tomas Kacetl, Malte Jaensch, Stefan GÖTZ",2020-11-05,2021-09-22,2022-05-11,,https://patents.google.com/patent/EP3996235A1/en,https://patentimages.storage.googleapis.com/7d/06/d4/fb4e7e08e937f4/imgf0001.png
EP-3243675-A1,Bearing of an anti-roll bar of a motor vehicle ,Dr. Ing. h.c. F. Porsche AG,"Michael Malek, Thorsten Koch",2016-05-10,2017-05-05,2017-11-15,,https://patents.google.com/patent/EP3243675A1/en,https://patentimages.storage.googleapis.com/a0/15/94/93191ad5652b4a/imgf0001.png
EP-3444147-A1,Rollover protection device for a vehicle ,Dr. Ing. h.c. F. Porsche AG,"Hans-Jürgen Schmitt, Alexander Eichinger",2017-08-17,2018-06-28,2019-02-20,,https://patents.google.com/patent/EP3444147A1/en,https://patentimages.storage.googleapis.com/51/d0/3c/d7f9f79b41df9e/imgf0001.png
EP-3528138-A1,Method and apparatus for location recognition ,Dr. Ing. h.c. F. Porsche AG,Mark Foligno,2018-02-14,2018-02-14,2019-08-21,,https://patents.google.com/patent/EP3528138A1/en,https://patentimages.storage.googleapis.com/9b/19/d1/a0329e41ecea95/imgf0001.png
EP-3492772-A1,"Method for vibration attenuation in an automotive drivetrain, corresponding data processing apparatus, computer program, and data carrier signal ",Dr. Ing. h.c. F. Porsche AG,"Adam Hrazdira, Thomas Hanis, Tereza E. Kasparkova",2017-11-29,2017-11-29,2019-06-05,,https://patents.google.com/patent/EP3492772A1/en,https://patentimages.storage.googleapis.com/29/68/ad/e8f8eefcc129e1/imgf0001.png
EP-3336806-A1,Method and apparatus for the detection of a usage permit for a vehicle ,Dr. Ing. h.c. F. Porsche AG,Thomas Seibold,2016-12-13,2017-08-01,2018-06-20,,https://patents.google.com/patent/EP3336806A1/en,https://patentimages.storage.googleapis.com/4d/3b/fd/b26f7d1bf0eb8d/imgf0001.png
WO-2021052610-A1,Method and control device for providing feedback to a vehicle occupant ,"Volkswagen Aktiengesellschaft, Audi Ag, Dr. Ing. H.C.F. Porsche Ag","Samantha ROUT, Fabian Klausmann, Bastian Freese, Andrian Riedel, Dij Jayaratna, Christian DELISE, Erik Glaser, Alisia Martinez, Alexander Bogner, Lutz Krauss",2019-09-16,2019-11-22,2021-03-25,,https://patents.google.com/patent/WO2021052610A1/en,
WO-2019030372-A1,System and method for id root association providing sparsity guarantee in image data ,"Volkswagen Ag, Dr. Ing. H.C. F. Porsche Ag","Edmund Dawes ZINK, Douglas Allen HAUGER, Jerramy L GIPSON, Allen Khorasani, Lutz Junge, Nils Kuepper, Andreas Busse, Nikhil J GEORGE",2017-08-11,2018-08-10,2019-02-14,,https://patents.google.com/patent/WO2019030372A1/en,
WO-2022157162-A1,"Undertray element for a traction battery of a motor vehicle, motor vehicle having an undertray element, and method for determining an intrusion of a traction battery of a motor vehicle ","Audi Ag, Dr.Ing.H.C.F. Porsche Ag","Ilija Brandic, Markus Grupp, Julius Rausch, Oliver Stoll",2021-01-25,2022-01-19,2022-07-28,,https://patents.google.com/patent/WO2022157162A1/en,
WO-2023001947-A1,Power-distributing device and motor vehicle ,"Audi Ag, Dr.Ing.H.C.F. Porsche Ag","Thorsten GROH, Martin Schneider, Tihomir Tomanic",2021-07-21,2022-07-21,2023-01-26,,https://patents.google.com/patent/WO2023001947A1/en,
WO-2023001968-A1,Vehicle electrical system and method for the operation thereof ,"Audi Ag, Dr.Ing.H.C.F. Porsche Ag","Thorsten GROH, Martin Schneider, Tihomir Tomanic",2021-07-21,2022-07-21,2023-01-26,,https://patents.google.com/patent/WO2023001968A1/en,
RU-2678605-C2,"Valve train for an internal combustion engine, method for a valve train of an internal combustion engine and method for a valve clearance compensating element of a valve train ",Др. Инж. х.к. Ф. Порше Акциенгезелльшафт,"Марко ХЕРТВИГ, Маттиас БАХ",2015-10-23,2016-10-20,2019-01-30,2019-01-30,https://patents.google.com/patent/RU2678605C2/en,https://patentimages.storage.googleapis.com/01/6d/4e/6762d34c8605dc/00000002.png
CN-204223004-U,带有后扩散器的机动车辆 ,Dr.Ing.h.c.F.保时捷股份公司,T·沃尔夫,2013-06-06,2014-05-28,2015-03-25,2015-03-25,https://patents.google.com/patent/CN204223004U/zh,
ES-2842874-T3,Estación de carga rápida con cable de carga y dispositivo de control de temperatura para el cable de carga ,Porsche Ag,"Volker Reber, Stefan Götz, Jari Rönfanz",2018-01-15,2018-10-18,2021-07-15,2021-07-15,https://patents.google.com/patent/ES2842874T3/es,
ES-2867887-T3,Separación galvánica de la electrónica de potencia en una estación de carga o una electrolinera ,"Porsche Ag, Ads Tec Energy Gmbh","Dr Raoul Heyne, Florian Joslowski, Michael Kiefer, Thomas Speidel, Ali Natour",2017-10-06,2018-10-05,2021-10-21,2021-10-21,https://patents.google.com/patent/ES2867887T3/es,
CN-108458107-A,用于自动变速器的驻车锁以及用于运行所述类型的驻车锁的方法 ,保时捷股份公司,"K·高斯拉布, A·克吕格尔",2017-02-17,2018-01-31,2018-08-28,,https://patents.google.com/patent/CN108458107A/zh,
CN-105313606-A,用于确定轮胎磨损的系统和方法 ,"Dr.Ing.h.c.F.保时捷股份公司, 尼拉动力有限公司","M·嵡特赖纳, T·斯万特松, A·斯文松, P·林斯科格",2014-08-04,2015-07-14,2016-02-10,,https://patents.google.com/patent/CN105313606A/zh,
CN-204236600-U,带有用于减少进入车轮罩中的空气流量的装置的机动车辆 ,Dr.Ing.h.c.F.保时捷股份公司,T·沃尔夫,2013-08-13,2014-07-14,2015-04-01,2015-04-01,https://patents.google.com/patent/CN204236600U/zh,
CN-104340179-A,洗涤水泵装置和控制方法 ,Dr.Ing.h.c.F.保时捷股份公司,E·伯肯坎普,2013-07-26,2014-07-03,2015-02-11,,https://patents.google.com/patent/CN104340179A/zh,
CN-112703527-A,平视显示器（hud）内容控制系统和方法 ,"大众汽车股份公司, F.波尔希名誉工学博士公司, 奥迪股份公司",A·奧顿,2018-06-22,2019-06-19,2021-04-23,,https://patents.google.com/patent/CN112703527A/zh,https://patentimages.storage.googleapis.com/bd/65/42/e80986ed85c5f7/382866.png
CN-105697111-A,用于确定内燃发动机的排气温度的传感器装置 ,保时捷股份公司,"S·格尔曼, J·加贝斯",2014-12-11,2015-12-02,2016-06-22,,https://patents.google.com/patent/CN105697111A/zh,
CN-105552261-A,蓄电池壳体部分 ,Dringhcf保时捷股份公司,"R·凯勒, E·埃沃特",2014-10-27,2015-10-23,2016-05-04,,https://patents.google.com/patent/CN105552261A/zh,
ES-2840424-T3,Conector de carga para vehículos eléctricos con base en tierra ,Porsche Ag,"Stefan Götz, Jari Rönfanz, Volker Reber",2018-01-16,2018-10-17,2021-07-06,2021-07-06,https://patents.google.com/patent/ES2840424T3/es,
CN-106369232-A,车辆部件和机动车辆 ,"保时捷股份公司, 麦格纳斯太尔燃油系统公司","R·菲扎留斯, A·克雷泽尔, D·布劳恩瓦特, K·波德夫斯基, A·门克, J·厄斯特勒, B·克沙内斯, M·希恩内尔",2015-07-22,2016-07-21,2017-02-01,,https://patents.google.com/patent/CN106369232A/zh,
CN-106895146-A,用于防止无意启动变速器的停车锁定功能的装置 ,保时捷股份公司,"J·埃塞尔, H·J·伦克",2015-12-17,2016-12-15,2017-06-27,,https://patents.google.com/patent/CN106895146A/zh,
DE-102017220175-A1,Platinentechnologie für leistungselektronische Schaltungen ,"Andus Electronic Gmbh Leiterplattentechnik, Dr. Ing. H.C. F. Porsche Ag","Stefan Götz, Christoph Lehnberger",2017-11-13,2017-11-13,2019-05-16,,https://patents.google.com/patent/DE102017220175A1/de,https://patentimages.storage.googleapis.com/18/94/fb/bc11274f714ec1/DE102017220175A1_0001.png
CN-104443074-A,空气导向装置和生产方法以及冷却车辆中热交换器的方法 ,Dr.Ing.h.c.F.保时捷股份公司,"T·魏斯, J·魏塞特",2013-09-17,2014-09-16,2015-03-25,,https://patents.google.com/patent/CN104443074A/zh,
CN-105587354-A,切换凸轮轴的支承结构 ,保时捷股份公司,"A·许茨勒, M·瓦尔, T·沙尔, D·贝克尔, M·彭策尔",2014-11-12,2015-11-12,2016-05-18,,https://patents.google.com/patent/CN105587354A/zh,
WO-2019092234-A1,Systèmes et procédés pour une identité de véhicule garantie par cryptographie ,"Volkswagen Aktiengesellschaft, Audi Ag, Dr. Ing. H.C.F. Porsche Ag","Liang KONG, Payton White",2017-11-13,2018-11-12,2019-05-16,,https://patents.google.com/patent/WO2019092234A1/fr,
CN-104908592-A,机动车辆组合仪表 ,Dr.Ing.h.c.F.保时捷股份公司,A·格林,2014-03-12,2015-03-12,2015-09-16,,https://patents.google.com/patent/CN104908592A/zh,
CN-105035161-A,防过载装置 ,Dr.Ing.h.c.F.保时捷股份公司,"W·哈森迈尔, M·舍尔策, A·米勒, S·扎尔贝",2014-04-15,2015-03-25,2015-11-11,,https://patents.google.com/patent/CN105035161A/zh,
CN-204323498-U,具有底部挡板的机动车辆 ,Dr.Ing.h.c.F.保时捷股份公司,T·魏斯,2013-08-12,2014-07-15,2015-05-13,2015-05-13,https://patents.google.com/patent/CN204323498U/zh,
CN-108146180-A,用于调节减振器的阻尼力的方法和控制设备 ,保时捷股份公司,"J·利博尔德, D·卡雷达",2016-12-05,2017-12-01,2018-06-12,,https://patents.google.com/patent/CN108146180A/zh,
CN-107685612-A,出风口调整组件 ,"保时捷股份公司, 施耐德博士塑料制品有限公司","S·米科瓦耶夫斯基, B·盖尔, N·朗格, J·施奈德",2016-08-04,2017-08-03,2018-02-13,,https://patents.google.com/patent/CN107685612A/zh,
DE-102017214955-A1,Aggregatelagerung für ein zweispuriges Fahrzeug ,"Audi Ag, Dr.Ing.H.C. F. Porsche Ag","Walter Schmidt, Stefan Rugies, Steffen Ring, Jan Widemann",2017-08-28,2017-08-28,2019-02-28,,https://patents.google.com/patent/DE102017214955A1/de,https://patentimages.storage.googleapis.com/cc/22/55/f728172c571fbb/DE102017214955A1_0001.png
EP-3144093-B1,Schweisselektrode mit eingebauter ultraschallsonde für eine kondensatorimpulsschweissvorrichtung sowie kondensatorimpulsschweissvorrichtung ,"Dr. Ing. h.c. F. Porsche AG, Tessonics Inc.","Andre Dr. TEGTMEIER, Robert GEßLER, Nico Lehmann, Tim Sterzik, Roman Gr. Prof. Dr. MAEV, Andriy M. Dr. CHERTOV",2015-09-16,2015-09-16,2018-08-08,2018-08-08,https://patents.google.com/patent/EP3144093B1/de,https://patentimages.storage.googleapis.com/ff/63/61/90a9a9b95c292a/imgf0001.png
DE-102016008386-B4,Insassenschutzvorrichtung für ein Fahrzeug mit einem Fondairbag ,"Audi Ag, Dr.Ing.H.C. F. Porsche Ag, Volkswagen Ag","Bernd Jakobs, Edwin Halbleib, Bastian Feuersenger, Thomas Burgermeister, Michael Otto, Thomas Rost",2016-06-30,2016-06-30,2022-11-17,2022-11-17,https://patents.google.com/patent/DE102016008386B4/de,https://patentimages.storage.googleapis.com/34/65/fd/2903121dd34e00/DE102016008386B4_0001.png
DE-102017121056-A1,Getriebe mit einer Ölführungseinrichtung ,"Dr. Ing. H.C. F. Porsche Ag, Zf Friedrichshafen Ag","Klaus Gausrab, Michael Obergasser, Martin Glück",2017-09-12,2017-09-12,2019-03-14,,https://patents.google.com/patent/DE102017121056A1/de,https://patentimages.storage.googleapis.com/b6/71/4b/9821428803520a/DE102017121056A1_0001.png
DE-102016214454-A1,Karosseriestruktur eines Kraftfahrzeugs und Kraftfahrzeug ,"Dr. Ing. H.C. F. Porsche Ag, Rehau Ag + Co","Fabian Linhof, David Peller, Helmut Czepa, Jörg Fröber, Wolfgang Tischler",2016-08-04,2016-08-04,2018-02-08,,https://patents.google.com/patent/DE102016214454A1/de,https://patentimages.storage.googleapis.com/b0/b6/7d/fdeb02cbc3cc49/DE102016214454A1_0002.png
DE-102016001727-A1,Stromschienenverteiler ,"Audi Ag, Dr. Ing. H.C. F. Porsche Ag","Alexander Klausmann, Thomas Glass, Christian Brügger, Felix Brendecke",2016-02-16,2016-02-16,2017-08-17,,https://patents.google.com/patent/DE102016001727A1/de,https://patentimages.storage.googleapis.com/59/53/fd/579962e9d89e28/DE102016001727A1_0002.png
CN-108068894-A,机动车辆车身组件 ,"保时捷股份公司, 大众汽车股份有限公司","P·克勒纳, R·伦兹, F·黑泽勒, S·科赤那威, O·泰戈尔",2016-11-18,2017-11-14,2018-05-25,,https://patents.google.com/patent/CN108068894A/zh,
CN-105605145-A,用于可移动地固定机动车辆机组的机组支承件以及用于支承机动车辆机组的方法 ,保时捷股份公司,"J·普芬斯特, P·沙伊布, C·朗格",2014-11-17,2015-11-17,2016-05-25,,https://patents.google.com/patent/CN105605145A/zh,
CN-105599593-A,机动车辆的车身布置结构 ,保时捷股份公司,"A·许内曼, T·贝克尔, U·沃韦尔",2014-11-13,2015-11-11,2016-05-25,,https://patents.google.com/patent/CN105599593A/zh,
CN-105691172-A,用于敞篷式机动车辆的顶棚系统 ,保时捷股份公司,"M·弗勒施勒, D·施图科夫斯基",2014-12-10,2015-12-09,2016-06-22,,https://patents.google.com/patent/CN105691172A/zh,
CN-105711654-A,用于车轮罩排风装置的导气装置 ,保时捷股份公司,"B·米勒, C·鲍恩芬德",2014-12-18,2015-12-16,2016-06-29,,https://patents.google.com/patent/CN105711654A/zh,
CN-108397489-A,能弹簧操纵的摩擦离合器 ,保时捷股份公司,"M·哈尔姆, A·克吕格尔",2017-02-08,2018-01-31,2018-08-14,,https://patents.google.com/patent/CN108397489A/zh,
CN-108072323-A,用于检测零件夹持器的尺寸精确度的方法 ,保时捷股份公司,"H·巴特克, A·皮施克",2016-11-15,2017-11-14,2018-05-25,,https://patents.google.com/patent/CN108072323A/zh,
DE-102017221432-A1,Kühlungseinheit und -verfahren für eine Ladestation und entsprechende Stromtankstelle ,"Ads-Tec Gmbh, Dr. Ing. H.C. F. Porsche Ag","Raoul Heyne, Florian Joslowski, Michael Kiefer, Thomas Speidel, Matthias Bohner",2017-11-29,2017-11-29,2019-05-29,,https://patents.google.com/patent/DE102017221432A1/de,https://patentimages.storage.googleapis.com/e1/0e/9b/83a2bb2f9a4845/DE102017221432A1_0001.png
CN-106468231-A,用于连接用于机动车辆发动机的燃料供给的燃料管线的管道连接件 ,"保时捷股份公司, 麦格纳斯太尔燃油系统公司","A·克雷泽尔, K·波德夫斯基, B·克沙内斯, M·希恩内尔",2015-08-21,2016-08-19,2017-03-01,,https://patents.google.com/patent/CN106468231A/zh,
CN-105691292-A,控制灯具的方法 ,保时捷股份公司,"G·西斯尔, D·荣格",2014-12-15,2015-12-15,2016-06-22,,https://patents.google.com/patent/CN105691292A/zh,
CN-105606335-A,用于部件模型的外轮廓变化的轮廓变化装置和部件模型 ,保时捷股份公司,"M·施滕格, T·奥塞姆, M·施特劳布, B·佩内尔特, T·沃贝克, D·斯特赫利克, P·布加耶",2014-11-18,2015-11-18,2016-05-25,,https://patents.google.com/patent/CN105606335A/zh,
CN-108146181-A,用于调节减振器的阻尼力的方法和控制设备 ,保时捷股份公司,"J·利博尔德, D·卡雷达",2016-12-05,2017-12-01,2018-06-12,,https://patents.google.com/patent/CN108146181A/zh,
DE-102019124016-A1,Elektrische Ladestation ,"Ads-Tec Gmbh, Dr. Ing. H.C. F. Porsche Ag","Raoul Heyne, Florian Joslowski, Michael Kiefer, Thomas Speidel, Matthias Bohner, Roman Molchanov",2019-09-06,2019-09-06,2021-03-11,,https://patents.google.com/patent/DE102019124016A1/de,https://patentimages.storage.googleapis.com/f3/93/69/c030c0ac7b8df1/DE102019124016A1_0001.png
CN-105691455-A,用于机动车辆的承载结构 ,保时捷股份公司,A·蒙策尔特,2014-12-10,2015-12-03,2016-06-22,,https://patents.google.com/patent/CN105691455A/zh,
DE-102017204435-A1,Anordnung zur fahrsituativen Simulation von Blendungseffekten oder blendungsähnlichen Effekten ,"Dr. Ing. H.C. F. Porsche Ag, Karlsruher Institut für Technologie","Steffen Strebel, Cornelius Neumann",2017-03-16,2017-03-16,2018-09-20,,https://patents.google.com/patent/DE102017204435A1/de,https://patentimages.storage.googleapis.com/3d/97/56/fb89f2248366d5/DE102017204435A1_0001.png
DE-102014007865-A1,Fahrzeugscheinwerfer ,"Dr. Ing. H.C. F. Porsche Ag, Hella Kgaa Hueck & Co.","Burkhard Leutiger, Martin Hunolt",2014-06-03,2014-06-03,2015-12-03,,https://patents.google.com/patent/DE102014007865A1/de,https://patentimages.storage.googleapis.com/65/4e/a9/498b5df09d09c1/DE102014007865A1_0002.png
CN-107031640-A,用于加速机动车辆的方法 ,保时捷股份公司,"H·C·特赖贝尔, E·F·奥斯特塔格, S·迪拉",2015-12-17,2016-12-15,2017-08-11,,https://patents.google.com/patent/CN107031640A/zh,
CN-205737732-U,用于在机动车辆的车架结构侧的构件中安装翼板的组件 ,保时捷股份公司,W·埃贝勒,2014-12-09,2015-12-08,2016-11-30,2016-11-30,https://patents.google.com/patent/CN205737732U/zh,
DE-102013021766-B4,Luftleitvorrichtung ,Dr. Ing. H.C. F. Porsche Ag,"Sebastian Weber, Alecsandra Micu, Frank Neubrand, Joachim Paul, Jochen Wild",2013-12-20,2013-12-20,2020-11-05,2020-11-05,https://patents.google.com/patent/DE102013021766B4/de,https://patentimages.storage.googleapis.com/66/23/7b/059e6da4fd1ef6/DE102013021766B4_0001.png
CN-108974126-A,用于机动车辆的后桥的副车架 ,保时捷股份公司,L·鲍尔,2017-06-01,2018-05-28,2018-12-11,,https://patents.google.com/patent/CN108974126A/zh,
CN-109032000-A,机动车辆的控制装置组合的运行控制装置和用于运行控制装置的方法 ,保时捷股份公司,"K·施佩特, C·弗赖辛格",2017-06-12,2018-05-30,2018-12-18,,https://patents.google.com/patent/CN109032000A/zh,
DE-102013106676-A1,"Kraftfahrzeug, insbesondere Elektrofahrzeug ",Dr. Ing. H.C. F. Porsche Ag,Josip Vlahovic,2013-06-26,2013-06-26,2014-12-31,,https://patents.google.com/patent/DE102013106676A1/de,https://patentimages.storage.googleapis.com/f8/55/61/bf245680ed9649/DE102013106676A1_0002.png
CN-105697529-A,连杆 ,保时捷股份公司,"A·布里滕, W·布克, F·舍费尔",2014-12-11,2015-12-10,2016-06-22,,https://patents.google.com/patent/CN105697529A/zh,
CN-204403282-U,用于检查内燃发动机运行状态的试验台组件 ,Dr.Ing.h.c.F.保时捷股份公司,"J-M·沃尔夫, G·齐格勒, P·布劳恩",2013-04-25,2014-04-24,2015-06-17,2015-06-17,https://patents.google.com/patent/CN204403282U/zh,
DE-102013221501-A1,Ladegerät und Verfahren zum Betreiben eines Ladegeräts ,"Dr.Ing.H.C. F. Porsche Ag, Volkswagen Ag","Marco Bröcker, Lutz Elsholz, Daniel Spesser",2013-10-23,2013-10-23,2015-05-07,,https://patents.google.com/patent/DE102013221501A1/de,https://patentimages.storage.googleapis.com/a2/c8/71/454e8754d1e27a/DE102013221501A1_0002.png
DE-102019216068-A1,Stehfahrzeug mit Lenkaktor ,"Dr.Ing.H.C. F. Porsche Ag, Volkswagen Aktiengesellschaft","Daniel Schütz, Lars Krämer, Philipp Kellner",2019-07-19,2019-10-18,2021-01-21,,https://patents.google.com/patent/DE102019216068A1/de,https://patentimages.storage.googleapis.com/36/a9/32/3f62a5c079cc70/DE102019216068A1_0001.png
DE-102019135306-B3,Elektrisch angetriebenes Kleinstfahrzeug ,"Dr. Ing. H.C. F. Porsche Ag, Volkswagen Ag","Lars Krämer, Marcel Straub, Daniel Schütz",2019-12-19,2019-12-19,2021-03-18,2021-03-18,https://patents.google.com/patent/DE102019135306B3/de,https://patentimages.storage.googleapis.com/38/5c/41/56242bf11ece8d/DE102019135306B3_0001.png
DE-102013111177-B4,Anordnung für ein Bordnetz und Fahrzeugbordnetz ,"Dr.Ing.H.C. F. Porsche Ag, Audi Ag, Bayerische Motoren Werke Aktiengesellschaft, Volkswagen Ag","Ottmar Sirch, Alexander Mai, Thomas Dörsam, Andre Radon, Josef Winkler, Andreas Klinkig, Steffen Kehl",2013-10-09,2013-10-09,2021-09-30,2021-09-30,https://patents.google.com/patent/DE102013111177B4/de,https://patentimages.storage.googleapis.com/03/fc/87/2834ebffe27c36/DE102013111177B4_0001.png
CN-112277666-A,分散式lmv充电基础设施 ,"大众汽车股份公司, 奥迪股份公司, F.波尔希名誉工学博士公司",M·K·图姆,2019-07-25,2020-07-24,2021-01-29,,https://patents.google.com/patent/CN112277666A/zh,https://patentimages.storage.googleapis.com/a8/08/fa/88a12d5f8473b2/597753.png
DE-102016001144-A1,Kraftfahrzeugbatterie ,"Audi Ag, Dr. Ing. H.C. F. Porsche Ag","Christian Brügger, Alexander Klausmann, Thomas Glass, Franz-Xaver Einmüller",2016-02-02,2016-02-02,2017-08-03,,https://patents.google.com/patent/DE102016001144A1/de,https://patentimages.storage.googleapis.com/7a/0c/18/edf8974a42ec74/DE102016001144A1_0002.png
DE-102015120020-A1,Ventilkolben für ein Steuerventil ,"Dr. Ing. H.C. F. Porsche Ag, Zf Friedrichshafen Ag","Rainer Novak, Serge Nassif",2015-11-19,2015-11-19,2017-05-24,,https://patents.google.com/patent/DE102015120020A1/de,https://patentimages.storage.googleapis.com/0f/ba/0e/60fd46d0cb72a6/DE102015120020A1_0002.png
DE-102017000678-A1,"Verfahren zur Steuerung und/oder Regelung eines Antriebsstrangs eines Kraftfahrzeugs, insbesondere Schaltstrategie für eine Wandlerüberbrückungskupplung ","Dr.Ing.H.C. F. Porsche Ag, Volkswagen Ag","Tino Wegemann, Dennis Lange",2017-01-24,2017-01-24,2018-07-26,,https://patents.google.com/patent/DE102017000678A1/de,https://patentimages.storage.googleapis.com/9a/bb/0f/ab696f04aae02a/DE102017000678A1_0001.png
CN-107402274-A,过滤器泄出测量组件和储箱泄出测量组件 ,保时捷股份公司,"A·门克, T·弗里德里希, S·海因策尔",2016-05-20,2017-04-17,2017-11-28,,https://patents.google.com/patent/CN107402274A/zh,
CN-105691460-A,用于机动车辆的结构部件 ,保时捷股份公司,"S·泽雷茨克, J·卡皮希, B·帕尔默, O·默辛格",2014-12-10,2015-12-02,2016-06-22,,https://patents.google.com/patent/CN105691460A/zh,
CN-105604680-A,吸气通道 ,保时捷股份公司,S·A·许布纳,2014-11-19,2015-11-19,2016-05-25,,https://patents.google.com/patent/CN105604680A/zh,
DE-102015118716-A1,Kältekreislauf für ein Kraftfahrzeug ,Dr. Ing. H.C. F. Porsche Ag,Bekim Basha,2015-11-02,2015-11-02,2017-05-04,,https://patents.google.com/patent/DE102015118716A1/de,https://patentimages.storage.googleapis.com/9c/b8/53/e0ee1ad15e9563/DE102015118716A1_0002.png
CN-106286645-A,用于车辆的制动盘装置 ,保时捷股份公司,"B·施魏策尔, A·洛斯, M·博特",2015-06-24,2016-06-24,2017-01-04,,https://patents.google.com/patent/CN106286645A/zh,
CN-106985821-A,用于控制混合电动车辆的方法 ,保时捷股份公司,"M·加特曼, T·劳纳, T·克劳斯",2016-01-20,2017-01-16,2017-07-28,,https://patents.google.com/patent/CN106985821A/zh,
DE-102015121580-A1,Doppelwandiges Abgaskrümmerteil und Abgaskrümmersystem ,"Dr. Ing. H.C. F. Porsche Ag, Tenneco Gmbh","Michael Weidner, Andreas Steigert, Marco Klein, Michael Wessels, Markus Menzel",2015-12-11,2015-12-11,2017-06-14,,https://patents.google.com/patent/DE102015121580A1/de,https://patentimages.storage.googleapis.com/34/d5/92/dda585886ea96a/DE102015121580A1_0002.png
DE-102017105360-A1,Bedämpfung der Fahrzeugaufbaubewegung mittels Heben-Nicken-Entkopplung ,Dr. Ing. H.C. F. Porsche Ag,Diego Gimeno Sanz,2017-03-14,2017-03-14,2018-09-20,,https://patents.google.com/patent/DE102017105360A1/de,https://patentimages.storage.googleapis.com/c8/92/2a/6e8af4a326c7f8/DE102017105360A1_0037.png
CN-105443233-A,用于运行内燃发动机的方法及内燃发动机 ,Dringhcf保时捷股份公司,"T·梅尔齐格, M·黑贝勒, H-T·莱尔, L·施瓦茨",2014-09-19,2015-09-17,2016-03-30,,https://patents.google.com/patent/CN105443233A/zh,
CN-108995580-A,用于自动化地校准前照灯的方法 ,保时捷股份公司,S·泽纳,2017-06-07,2018-05-28,2018-12-14,,https://patents.google.com/patent/CN108995580A/zh,
CN-107444055-A,用于设定缓冲器的阻尼力的方法和控制装置 ,保时捷股份公司,D·卡雷达,2016-04-20,2017-04-17,2017-12-08,,https://patents.google.com/patent/CN107444055A/zh,
CN-108069179-A,机械制造设备，尤其车身构造设备 ,保时捷股份公司,"M·比希勒, M·克罗伊特尔",2016-11-17,2017-11-14,2018-05-25,,https://patents.google.com/patent/CN108069179A/zh,
CN-107859704-A,内部通风式制动盘 ,保时捷股份公司,A·洛斯,2016-09-21,2017-09-18,2018-03-30,,https://patents.google.com/patent/CN107859704A/zh,
CN-105034759-A,用于机动车后窗玻璃的插入元件 ,F·波尔希名誉工学博士公司,"B·莫尔纳, M·施密特, A·柯尼格",2014-04-24,2015-04-22,2015-11-11,,https://patents.google.com/patent/CN105034759A/zh,
DE-102017105368-B4,Kompressorgehäuse für einen Klimakompressor eines Fahrzeugs ,Dr. Ing. H.C. F. Porsche Ag,"Ulrich Weingart, Jürgen Ochs",2017-03-14,2017-03-14,2022-03-17,2022-03-17,https://patents.google.com/patent/DE102017105368B4/de,https://patentimages.storage.googleapis.com/cd/bf/88/ab649c6c44d52f/DE102017105368B4_0001.png
