search URL:,https://patents.google.com/?assignee=Nio+Inc.%0A&after=priority:20130101
id,title,assignee,inventor/author,priority date,filing/creation date,publication date,grant date,result link,representative figure link
US-2018201187-A1,Method and system for providing an escape route from a vehicle ,"NextEv USA, Inc.","Yadunandana Yellambalase, Austin L. Newman",2017-01-16,2017-01-16,2018-07-19,,https://patents.google.com/patent/US20180201187A1/en,https://patentimages.storage.googleapis.com/30/88/1d/d9ac1abbfc7e0d/US20180201187A1-20180719-D00000.png
US-2018201138-A1,Self-destruct zone and autonomous vehicle navigation ,"NextEv USA, Inc.","Yadunandana Yellambalase, Austin L. Newman",2017-01-16,2017-01-16,2018-07-19,,https://patents.google.com/patent/US20180201138A1/en,https://patentimages.storage.googleapis.com/d9/6a/fc/c3845c542cd76d/US20180201138A1-20180719-D00000.png
US-2018009326-A1,Battery agnostic provisioning of power ,"NextEv USA, Inc.",Christopher P. Ricci,2016-07-07,2016-12-30,2018-01-11,,https://patents.google.com/patent/US20180009326A1/en,https://patentimages.storage.googleapis.com/84/c3/f6/5f76c341cf7d5c/US20180009326A1-20180111-D00000.png
US-10464530-B2,Voice biometric pre-purchase enrollment for autonomous vehicles ,"Nio Usa, Inc.","Lisa E. Falkson, Annie Jui Shan Chang, Anthony Tao Liang",2017-01-17,2017-01-17,2019-11-05,2019-11-05,https://patents.google.com/patent/US10464530B2/en,https://patentimages.storage.googleapis.com/73/8d/01/7e5223f062466f/US10464530-20191105-D00000.png
US-10300808-B2,Preconditioned charging using an autonomous vehicle ,"Nio Usa, Inc.","Austin L. Newman, Rick Rajaie",2017-04-20,2017-04-20,2019-05-28,2019-05-28,https://patents.google.com/patent/US10300808B2/en,https://patentimages.storage.googleapis.com/84/24/63/a81e83e4df6eab/US10300808-20190528-D00000.png
US-10692126-B2,Network-based system for selling and servicing cars ,"Nio Usa, Inc.","William Li, Chris Ricci",2015-11-17,2016-07-05,2020-06-23,2020-06-23,https://patents.google.com/patent/US10692126B2/en,https://patentimages.storage.googleapis.com/e4/fc/b5/865142e40e089c/US10692126-20200623-D00000.png
US-10160339-B2,Smart grid management ,"Nio Usa, Inc.",Christopher P. Ricci,2015-11-13,2016-08-16,2018-12-25,2018-12-25,https://patents.google.com/patent/US10160339B2/en,https://patentimages.storage.googleapis.com/8a/95/32/72576a20df300e/US10160339-20181225-D00000.png
US-10336194-B2,Electric vehicle charging device alignment and method of use ,"Nio Usa, Inc.",Christopher P. Ricci,2015-11-13,2015-12-22,2019-07-02,2019-07-02,https://patents.google.com/patent/US10336194B2/en,https://patentimages.storage.googleapis.com/05/51/83/3a0d89b730f5da/US10336194-20190702-D00000.png
US-10601090-B2,Using a spacer to block path of thermally conductive structural adhesive in lithium ion cells ,"Nio Usa, Inc.","Austin L. Newman, Alexander J. Smith",2017-04-28,2017-04-28,2020-03-24,2020-03-24,https://patents.google.com/patent/US10601090B2/en,https://patentimages.storage.googleapis.com/fc/61/77/112b502a58111e/US10601090-20200324-D00000.png
US-2019187971-A1,Method and system for providing secure over-the-air vehicle updates ,"Nio Usa, Inc.","Qiyan Wang, Abraham T. Chen, Veysel Özer",2017-12-20,2017-12-20,2019-06-20,,https://patents.google.com/patent/US20190187971A1/en,https://patentimages.storage.googleapis.com/0a/50/2f/b21b231a3724f2/US20190187971A1-20190620-D00000.png
US-2018141562-A1,Method and system for adaptive vehicle control in autonomous vehicles ,"NextEv USA, Inc.",Abhishek Singhal,2016-11-21,2017-01-25,2018-05-24,,https://patents.google.com/patent/US20180141562A1/en,https://patentimages.storage.googleapis.com/f0/8c/48/f74ea046d6ce44/US20180141562A1-20180524-D00000.png
US-2017225558-A1,Vehicle having a battery pack directly attached to the cross rails of a frame structure ,"NextEv USA, Inc.","Austin NEWMAN, Joshua Smith, Batuhan Yildirim, Leon Kaunitz",2016-02-09,2017-02-09,2017-08-10,,https://patents.google.com/patent/US20170225558A1/en,https://patentimages.storage.googleapis.com/f0/71/11/383c08a195a19d/US20170225558A1-20170810-D00000.png
US-2018130347-A1,Method and system for collective autonomous operation database for autonomous vehicles ,"NextEv USA, Inc.","Christopher P. Ricci, Abhishek Singhal",2016-11-07,2016-12-29,2018-05-10,,https://patents.google.com/patent/US20180130347A1/en,https://patentimages.storage.googleapis.com/10/48/f9/609849206c6889/US20180130347A1-20180510-D00000.png
US-2018009418-A1,Sensor cleaning devices and systems ,"NextEv USA, Inc.",Austin L. Newman,2016-07-07,2016-12-29,2018-01-11,,https://patents.google.com/patent/US20180009418A1/en,https://patentimages.storage.googleapis.com/bb/32/5e/a1cf80da56f159/US20180009418A1-20180111-D00000.png
US-2018201273-A1,Machine learning for personalized driving ,"NextEv USA, Inc.","Fei Xiao, Christopher F. Pouliot, Anthony Tao Liang, Guan Wang",2017-01-17,2017-01-17,2018-07-19,,https://patents.google.com/patent/US20180201273A1/en,https://patentimages.storage.googleapis.com/1e/a8/24/f9d695ca7b1842/US20180201273A1-20180719-D00000.png
US-2018321685-A1,Autonomous vehicle logic to identify permissioned parking relative to multiple classes of restricted parking ,"NextEv USA, Inc.","Veera Ganesh Yalla, Davide Bacchet",2017-05-08,2017-05-08,2018-11-08,,https://patents.google.com/patent/US20180321685A1/en,https://patentimages.storage.googleapis.com/ed/af/1c/811564f931e012/US20180321685A1-20181108-D00000.png
US-2018204399-A1,Secured vehicle for user use only ,"NextEv USA, Inc.",Austin L. Newman,2017-01-13,2017-01-13,2018-07-19,,https://patents.google.com/patent/US20180204399A1/en,https://patentimages.storage.googleapis.com/58/6e/87/9b03ac1297eb12/US20180204399A1-20180719-D00000.png
US-2018372504-A1,Adaptive route and motion planning based on learned external and internal vehicle environment ,"NextEv USA, Inc.","Abhishek Singhal, Nadav Aharony, Anthony Tao Liang, Gautam Muralidhar",2017-06-27,2017-06-27,2018-12-27,,https://patents.google.com/patent/US20180372504A1/en,https://patentimages.storage.googleapis.com/cc/41/f8/7e81c9dfa81696/US20180372504A1-20181227-D00000.png
US-2018188726-A1,Autonomous override safety ,"NextEv USA, Inc.",Austin L. Newman,2016-12-30,2016-12-30,2018-07-05,,https://patents.google.com/patent/US20180188726A1/en,https://patentimages.storage.googleapis.com/f0/f4/c0/b22d9407d529f6/US20180188726A1-20180705-D00000.png
US-10131238-B2,Charging transmission line under roadway for moving electric vehicle ,"Nio Usa, Inc.",Christopher P. Ricci,2015-11-13,2016-02-26,2018-11-20,2018-11-20,https://patents.google.com/patent/US10131238B2/en,https://patentimages.storage.googleapis.com/6e/5f/52/a2a53d0b8935c9/US10131238-20181120-D00000.png
US-9984572-B1,Method and system for sharing parking space availability among autonomous vehicles ,"Nio Usa, Inc.",Austin L. Newman,2017-01-16,2017-01-16,2018-05-29,2018-05-29,https://patents.google.com/patent/US9984572B1/en,https://patentimages.storage.googleapis.com/8b/ca/6e/2816574dda1b5a/US09984572-20180529-D00000.png
US-10598734-B2,Reporting of vehicle battery state of health and charge ,"Nio Usa, Inc.","Austin L. Newman, Alexander J. Smith, Adam H. Ing",2016-12-30,2016-12-30,2020-03-24,2020-03-24,https://patents.google.com/patent/US10598734B2/en,https://patentimages.storage.googleapis.com/bb/24/8d/06e6b24655a1f7/US10598734-20200324-D00000.png
US-10471838-B2,High voltage fast charge utilizing two charge ports ,"Nio Usa, Inc.","Rick Rajaie, Miaosen Shen, Alexander J. Smith, Austin L. Newman",2017-02-15,2017-02-15,2019-11-12,2019-11-12,https://patents.google.com/patent/US10471838B2/en,https://patentimages.storage.googleapis.com/96/b0/53/469a8372f9332f/US10471838-20191112-D00000.png
US-10608299-B2,Cooling system for a battery pack system for quickly addressing thermal runaway ,"Nio Usa, Inc.",Austin NEWMAN,2016-08-09,2016-11-01,2020-03-31,2020-03-31,https://patents.google.com/patent/US10608299B2/en,https://patentimages.storage.googleapis.com/2c/68/a8/9eddf36f7e80e3/US10608299-20200331-D00000.png
US-10369898-B2,Rechargeable vehicle thermal management charging system ,"Nio Usa, Inc.","Austin L. Newman, Thomas P. Jensen",2017-01-17,2017-01-17,2019-08-06,2019-08-06,https://patents.google.com/patent/US10369898B2/en,https://patentimages.storage.googleapis.com/81/a3/8f/d0c856e1b56de2/US10369898-20190806-D00000.png
US-9928734-B2,Vehicle-to-pedestrian communication systems ,"Nio Usa, Inc.",Austin L. Newman,2016-08-02,2016-08-29,2018-03-27,2018-03-27,https://patents.google.com/patent/US9928734B2/en,https://patentimages.storage.googleapis.com/02/e3/86/d57b5be44e6b45/US09928734-20180327-D00000.png
US-2019016384-A1,Control of complex parking maneuvers and autonomous fuel replenishment of driverless vehicles ,"Nio Usa, Inc","Jamie P. Carlson, Yadunandana Yellambalase, Sathya Narayanan Kasturi Rangan",2017-07-14,2017-07-14,2019-01-17,,https://patents.google.com/patent/US20190016384A1/en,https://patentimages.storage.googleapis.com/b2/f1/c9/b1468c65b2fa5a/US20190016384A1-20190117-D00000.png
US-10611251-B2,Distributed processing network for rechargeable electric vehicle tracking and routing ,"Nio Usa, Inc.",Christopher P. Ricci,2015-11-13,2016-03-18,2020-04-07,2020-04-07,https://patents.google.com/patent/US10611251B2/en,https://patentimages.storage.googleapis.com/94/62/2d/bd29b2b2bb09d6/US10611251-20200407-D00000.png
US-10427530-B2,Vehicle charge query and exchange system and method of use ,"Nio Usa, Inc.",Christopher P. Ricci,2015-11-13,2016-05-31,2019-10-01,2019-10-01,https://patents.google.com/patent/US10427530B2/en,https://patentimages.storage.googleapis.com/de/13/56/a185b9f63e703d/US10427530-20191001-D00000.png
US-10220717-B2,Electric vehicle emergency charging system and method of use ,"Nio Usa, Inc.",Christopher P. Ricci,2015-11-13,2016-01-29,2019-03-05,2019-03-05,https://patents.google.com/patent/US10220717B2/en,https://patentimages.storage.googleapis.com/4f/37/ac/cd7fb8faae1dce/US10220717-20190305-D00000.png
US-10532663-B2,Electric vehicle overhead charging system and method of use ,"Nio Usa, Inc.",Christopher P. Ricci,2015-11-13,2016-02-16,2020-01-14,2020-01-14,https://patents.google.com/patent/US10532663B2/en,https://patentimages.storage.googleapis.com/b9/d5/1c/ee7c01f20fe08a/US10532663-20200114-D00000.png
US-10360020-B2,Virtual machine (VM) approach to embedded system hot update ,"Nio Usa, Inc.",Yanir Hirshberg,2017-04-11,2017-04-11,2019-07-23,2019-07-23,https://patents.google.com/patent/US10360020B2/en,https://patentimages.storage.googleapis.com/00/b2/be/623543883d113e/US10360020-20190723-D00000.png
US-9944192-B2,Electric vehicle charging station system and method of use ,"Nio Usa, Inc.",Christopher P. Ricci,2015-11-13,2016-02-19,2018-04-17,2018-04-17,https://patents.google.com/patent/US9944192B2/en,https://patentimages.storage.googleapis.com/b5/1e/b8/40ad85a1df4e7f/US09944192-20180417-D00000.png
US-10604020-B2,Floating armature ,"Nio Usa, Inc.",Christopher P. Ricci,2015-11-13,2016-11-14,2020-03-31,2020-03-31,https://patents.google.com/patent/US10604020B2/en,https://patentimages.storage.googleapis.com/a8/47/33/f7dafb8a9f7039/US10604020-20200331-D00000.png
US-10093195-B2,Integrated vehicle charging panel system and method of use ,"Nio Usa, Inc.",Christopher P. Ricci,2015-11-13,2016-06-30,2018-10-09,2018-10-09,https://patents.google.com/patent/US10093195B2/en,https://patentimages.storage.googleapis.com/51/b9/bc/4366f0219d0c53/US10093195-20181009-D00000.png
US-9937818-B2,Vehicle having a rigid frame structure for receiving a replaceable battery pack ,"Nio Usa, Inc.",Austin L. Newman,2016-02-09,2016-07-31,2018-04-10,2018-04-10,https://patents.google.com/patent/US9937818B2/en,https://patentimages.storage.googleapis.com/50/ad/30/ac157c51cd6d79/US09937818-20180410-D00000.png
US-10252631-B2,Communications between vehicle and charging system ,"Nio Usa, Inc.",Christopher P. Ricci,2015-11-13,2016-09-30,2019-04-09,2019-04-09,https://patents.google.com/patent/US10252631B2/en,https://patentimages.storage.googleapis.com/f5/ae/a5/50dcf8bf8c095e/US10252631-20190409-D00000.png
US-10071641-B2,Electric contact device for electric vehicles and method of use ,"Nio Usa, Inc.",Christopher P. Ricci,2015-11-13,2016-08-25,2018-09-11,2018-09-11,https://patents.google.com/patent/US10071641B2/en,https://patentimages.storage.googleapis.com/be/dc/b1/66bffde84ff073/US10071641-20180911-D00000.png
US-10753761-B2,Universal battery and modular power system ,"Nio Usa, Inc.",Christopher P. Ricci,2015-11-13,2016-09-30,2020-08-25,2020-08-25,https://patents.google.com/patent/US10753761B2/en,https://patentimages.storage.googleapis.com/20/78/c2/964fb400d43a76/US10753761-20200825-D00000.png
US-10080318-B2,Safety shield for charging ,"Nio Usa, Inc.",Christopher P. Ricci,2015-11-13,2016-09-30,2018-09-18,2018-09-18,https://patents.google.com/patent/US10080318B2/en,https://patentimages.storage.googleapis.com/e1/4c/b4/660ada98cf8f4a/US10080318-20180918-D00000.png
US-2021136087-A1,Firewall ,"Nio Usa, Inc.","Yanir Hirshberg, Craig North",2017-02-02,2021-01-12,2021-05-06,,https://patents.google.com/patent/US20210136087A1/en,https://patentimages.storage.googleapis.com/66/d1/aa/f2a152772d07d6/US20210136087A1-20210506-D00000.png
US-10818978-B2,Battery module having a pressure sensor ,"Nio Usa, Inc.","Austin Lawrence Newman, Yadunandana Yellambalase",2016-05-13,2016-10-04,2020-10-27,2020-10-27,https://patents.google.com/patent/US10818978B2/en,https://patentimages.storage.googleapis.com/23/21/ac/e9b3f5d182faad/US10818978-20201027-D00000.png
US-2019016365-A1,Body mounted sliding steering column with offset feedback actuator ,"Nio Usa, Inc.","Sai Maharaja Swamidason, Aaron R. Bailey, Martin J. McKeefery",2017-07-11,2017-07-11,2019-01-17,,https://patents.google.com/patent/US20190016365A1/en,https://patentimages.storage.googleapis.com/3f/19/a5/a1c2acd5c618d5/US20190016365A1-20190117-D00000.png
US-2021039578-A1,Universal seat-mounted airbag ,"Nio Usa, Inc.","Jeffrey D. Rupp, Samantha L. Schoell, Jane Williams, Colin J. Stevens, Teh Feng Fang",2019-08-06,2019-08-06,2021-02-11,,https://patents.google.com/patent/US20210039578A1/en,https://patentimages.storage.googleapis.com/50/86/2d/7eb106437948c8/US20210039578A1-20210211-D00000.png
US-2018370559-A1,Retractable telescopic mechanism for steering column with feedback actuator ,"Nio Usa, Inc.",Sai Maharaja Swamidason,2017-06-26,2017-06-26,2018-12-27,,https://patents.google.com/patent/US20180370559A1/en,https://patentimages.storage.googleapis.com/a2/f8/25/28eb29eb4dee7e/US20180370559A1-20181227-D00000.png
US-10700395-B2,Battery module housing having an integrally-formed cooling plate ,"Nio Usa, Inc.","Austin NEWMAN, Joshua Smith",2016-08-09,2016-11-29,2020-06-30,2020-06-30,https://patents.google.com/patent/US10700395B2/en,https://patentimages.storage.googleapis.com/69/7f/df/94d8ae2ae02a6b/US10700395-20200630-D00000.png
US-2018259966-A1,Navigation of autonomous vehicles to enhance safety under one or more fault conditions ,"Nio Usa, Inc.",Joseph William Long,2017-03-13,2017-03-13,2018-09-13,,https://patents.google.com/patent/US20180259966A1/en,https://patentimages.storage.googleapis.com/ef/87/0b/4bf84f740d8074/US20180259966A1-20180913-D00000.png
US-2019143936-A1,System and method for controlling a vehicle using secondary access methods ,"Nio Usa, Inc.","Infantdani Abel Rayan, Karthick Kumar Malli Raghavan, Xiaochen JIA",2017-11-13,2017-11-13,2019-05-16,,https://patents.google.com/patent/US20190143936A1/en,https://patentimages.storage.googleapis.com/aa/ca/52/691dd5c58190d4/US20190143936A1-20190516-D00000.png
US-2018203443-A1,Method and system for using weather information in operation of autonomous vehicles ,"Nio Usa, Inc.",Austin L. Newman,2017-01-16,2017-01-16,2018-07-19,,https://patents.google.com/patent/US20180203443A1/en,https://patentimages.storage.googleapis.com/f1/37/81/0f796008296fc6/US20180203443A1-20180719-D00000.png
US-10399445-B2,Method and system for ejecting a charging handle from a vehicle ,"Nio Usa, Inc.","Yadunandana Yellambalase, Austin L. Newman",2017-01-16,2017-01-16,2019-09-03,2019-09-03,https://patents.google.com/patent/US10399445B2/en,https://patentimages.storage.googleapis.com/0f/26/f3/342ff2368ff707/US10399445-20190903-D00000.png
US-2019146500-A1,Vehicle self-localization using particle filters and visual odometry ,"Nio Usa, Inc.","Veera Ganesh Yalla, Sathya Narayanan Kasturi Rangan, Davide Bacchet",2017-10-30,2019-01-14,2019-05-16,,https://patents.google.com/patent/US20190146500A1/en,https://patentimages.storage.googleapis.com/57/a2/21/5044c559a888ca/US20190146500A1-20190516-D00000.png
US-11046279-B2,Adaptive backup structure for airbag support ,"Nio Usa, Inc.",Jeffrey D. Rupp,2017-09-13,2019-12-17,2021-06-29,2021-06-29,https://patents.google.com/patent/US11046279B2/en,https://patentimages.storage.googleapis.com/fa/0f/b3/c4cc47d2e8623a/US11046279-20210629-D00000.png
US-10845803-B2,Method and apparatus for simultaneous processing and logging of automotive vision system with controls and fault monitoring ,"Nio Usa, Inc.","Stephen Eric Sidle, Veera Ganesh Yalla, Samir Agrawal, Jerry L. Petree, Dennis Polischuk",2017-11-29,2017-11-29,2020-11-24,2020-11-24,https://patents.google.com/patent/US10845803B2/en,https://patentimages.storage.googleapis.com/9c/83/23/c1809bfb58a4e3/US10845803-20201124-D00000.png
US-2019049958-A1,Method and system for multiple sensor correlation diagnostic and sensor fusion/dnn monitor for autonomous driving application ,"Nio Usa, Inc.","Xiaodong Liu, Bo Guo",2017-08-08,2017-08-08,2019-02-14,,https://patents.google.com/patent/US20190049958A1/en,https://patentimages.storage.googleapis.com/54/83/ff/a34bf03be49030/US20190049958A1-20190214-D00000.png
US-10443282-B2,Articulating mechanism for a vehicle door ,"Nio Usa, Inc.","Ivonne Bauer, Geoffrey Daniel Young, Tom Peleg, Ren Ren, Padmanabhan Kumar, Paul R. Murray, Shane L. Kenyon",2016-09-29,2017-09-28,2019-10-15,2019-10-15,https://patents.google.com/patent/US10443282B2/en,https://patentimages.storage.googleapis.com/e8/5b/ff/d02843763f2c9c/US10443282-20191015-D00000.png
US-2019107406-A1,Systems and methods for trip planning under uncertainty ,"Nio Usa, Inc.","Jonathan A. COX, Marzieh Parandehgheibi, Zhou Xing, Cong Zhao, Gautam Muralidhar, Nilesh V. Kulkarni, Christopher F. Pouliot, Abhishek Singhal",2017-10-09,2017-10-09,2019-04-11,,https://patents.google.com/patent/US20190107406A1/en,https://patentimages.storage.googleapis.com/4c/3b/dc/b02a6bda8fb1b5/US20190107406A1-20190411-D00000.png
US-10396631-B2,Dual inverter and electric motor split-flow cooling system ,"Nio Usa, Inc.",Robert Herb,2017-10-31,2017-10-31,2019-08-27,2019-08-27,https://patents.google.com/patent/US10396631B2/en,https://patentimages.storage.googleapis.com/74/de/62/fa01099ce9e52b/US10396631-20190827-D00000.png
US-10486512-B2,Compact side-by-side motor gearbox unit ,"Nio Usa, Inc.",Dimitri Bassis,2017-08-29,2017-08-29,2019-11-26,2019-11-26,https://patents.google.com/patent/US10486512B2/en,https://patentimages.storage.googleapis.com/80/69/28/9bfbbea0261f42/US10486512-20191126-D00000.png
US-10707471-B2,Single side cell-to-cell battery module interconnection ,"Nio Usa, Inc.","Austin L. Newman, Alexander J. Smith",2018-03-22,2018-03-22,2020-07-07,2020-07-07,https://patents.google.com/patent/US10707471B2/en,https://patentimages.storage.googleapis.com/d4/88/b6/b642ee9f77b7fe/US10707471-20200707-D00000.png
US-10857889-B2,Highly-integrated fail operational e-powertrain for autonomous driving application ,"Nio Usa, Inc.","Xiaodong Liu, Bo Guo",2017-10-04,2017-10-04,2020-12-08,2020-12-08,https://patents.google.com/patent/US10857889B2/en,https://patentimages.storage.googleapis.com/17/5f/5b/2a39e6974c5881/US10857889-20201208-D00000.png
US-2017136881-A1,Vehicle to vehicle charging system and method of use ,"NextEv USA, Inc.",Christopher P. Ricci,2015-11-13,2016-04-29,2017-05-18,,https://patents.google.com/patent/US20170136881A1/en,https://patentimages.storage.googleapis.com/3a/f8/f0/cc5618c68f8040/US20170136881A1-20170518-D00000.png
US-11022971-B2,Event data recordation to identify and resolve anomalies associated with control of driverless vehicles ,"Nio Usa, Inc.",Mauro Della Penna,2018-01-16,2018-01-16,2021-06-01,2021-06-01,https://patents.google.com/patent/US11022971B2/en,https://patentimages.storage.googleapis.com/ac/5b/37/1701ab50e72c97/US11022971-20210601-D00000.png
US-10657818-B2,External alert system for vehicle door opening ,"Nio Usa, Inc.","Sandeep Dhull, Dennis Polischuk",2017-11-06,2017-11-06,2020-05-19,2020-05-19,https://patents.google.com/patent/US10657818B2/en,https://patentimages.storage.googleapis.com/ff/1c/e2/65f58c7dc604b5/US10657818-20200519-D00000.png
US-10703201-B2,Modular motor gearbox unit and drive system ,"Nio Usa, Inc.",Dimitri Bassis,2017-12-13,2017-12-13,2020-07-07,2020-07-07,https://patents.google.com/patent/US10703201B2/en,https://patentimages.storage.googleapis.com/55/2d/69/cc0543b41fa618/US10703201-20200707-D00000.png
US-2020376927-A1,Artificial intelligence in conditioning or thermal management of electrified powertrain ,"Nio Usa, Inc.","Rick Rajaie, Joshua Smith, Nilesh V. Kulkarni, Omnaath Guptha Harihara Gupta, Dewashish Kanta Prashad, Matthew J. Daigle, Xiongqing Liu",2019-05-31,2019-05-31,2020-12-03,,https://patents.google.com/patent/US20200376927A1/en,https://patentimages.storage.googleapis.com/89/6d/d1/237f3feb3dbd6e/US20200376927A1-20201203-D00000.png
US-10741889-B2,Multiple-zone thermocouple battery module temperature monitoring system ,"Nio Usa, Inc.","Austin L. Newman, Alexander J. Smith, Adam H. Ing",2018-03-22,2018-03-22,2020-08-11,2020-08-11,https://patents.google.com/patent/US10741889B2/en,https://patentimages.storage.googleapis.com/e8/aa/19/f3a9552f203fb1/US10741889-20200811-D00000.png
US-2019315232-A1,Systems and methods of battery thermal management ,"Nio Usa, Inc.","Adam H. Ing, Yadunandana Yellambalase, Rick Rajaie",2018-04-16,2018-04-16,2019-10-17,,https://patents.google.com/patent/US20190315232A1/en,https://patentimages.storage.googleapis.com/9c/4a/03/1ea5d00d088016/US20190315232A1-20191017-D00000.png
US-2017140349-A1,Vehicle Group Charging System and Method of Use ,"NextEv USA, Inc.",Christopher P. Ricci,2015-11-13,2016-06-01,2017-05-18,,https://patents.google.com/patent/US20170140349A1/en,https://patentimages.storage.googleapis.com/95/15/64/c28f88d3d74d0a/US20170140349A1-20170518-D00000.png
US-2019129431-A1,Visual place recognition based self-localization for autonomous vehicles ,"Nio Usa, Inc.","Veera Ganesh Yalla, Sathya Narayanan Kasturi Rangan, Davide Bacchet",2017-10-30,2017-10-30,2019-05-02,,https://patents.google.com/patent/US20190129431A1/en,https://patentimages.storage.googleapis.com/db/3c/48/8d076fbfb2e051/US20190129431A1-20190502-D00000.png
US-2019041228-A1,Productive and accident-free driving modes for a vehicle ,"Nio Usa, Inc.",Abhishek Singhal,2017-08-01,2017-08-01,2019-02-07,,https://patents.google.com/patent/US20190041228A1/en,https://patentimages.storage.googleapis.com/b6/e5/65/033d93b91fb22a/US20190041228A1-20190207-D00000.png
US-2019016312-A1,Control and coordination of driverless fuel replenishment for autonomous vehicles ,"Nio Usa, Inc.","Jamie P. Carlson, Yadunandana Yellambalese",2017-07-14,2017-07-14,2019-01-17,,https://patents.google.com/patent/US20190016312A1/en,https://patentimages.storage.googleapis.com/68/88/d0/ce9ec3e477ebca/US20190016312A1-20190117-D00000.png
US-10274532-B1,Resilient high-voltage interlock loop ,"Nio Usa, Inc.","Alexander J. Smith, Yadunandana Yellambalase, Stephen C. Holland, Miaosen Shen, Xiaodong Liu",2017-10-30,2017-10-30,2019-04-30,2019-04-30,https://patents.google.com/patent/US10274532B1/en,https://patentimages.storage.googleapis.com/04/f7/2a/dd2be6c4be755e/US10274532-20190430-D00000.png
US-2020062275-A1,Autonomous system operator cognitive state detection and alerting ,"Nio Usa, Inc.","James S. Higgins, Abhishek Singhal",2018-08-22,2018-08-22,2020-02-27,,https://patents.google.com/patent/US20200062275A1/en,https://patentimages.storage.googleapis.com/88/38/7e/d944764dba2b7e/US20200062275A1-20200227-D00000.png
US-2018276540-A1,Modeling of the latent embedding of music using deep neural network ,"NextEv USA, Inc.",Zhou Xing,2017-03-22,2017-03-22,2018-09-27,,https://patents.google.com/patent/US20180276540A1/en,https://patentimages.storage.googleapis.com/75/98/56/7e9bb7dcb2a713/US20180276540A1-20180927-D00000.png
US-10982968-B2,Sensor fusion methods for augmented reality navigation ,"Nio Usa, Inc.","Vidya Elangovan, Prashant Jain, Anthony Tao Liang, Guan Wang",2018-03-29,2018-03-29,2021-04-20,2021-04-20,https://patents.google.com/patent/US10982968B2/en,https://patentimages.storage.googleapis.com/1b/e3/3c/c8750884d96f81/US10982968-20210420-D00000.png
US-2021241026-A1,"Single frame 4d detection using deep fusion of camera image, imaging radar and lidar point cloud ","Nio Usa, Inc.","Huazeng Deng, Ajaya H S Rao, Ashwath Aithal, Xu Chen, Ruoyu Tan, Veera Ganesh Yalla",2020-02-04,2020-02-04,2021-08-05,,https://patents.google.com/patent/US20210241026A1/en,https://patentimages.storage.googleapis.com/27/60/98/a2b3243f5ec0f4/US20210241026A1-20210805-D00000.png
US-10616259-B2,Real-time network vulnerability analysis and patching ,"Nio Usa, Inc.",Craig North,2017-01-17,2017-01-17,2020-04-07,2020-04-07,https://patents.google.com/patent/US10616259B2/en,https://patentimages.storage.googleapis.com/c1/d0/51/b9312677577bea/US10616259-20200407-D00000.png
US-10885712-B2,Camera pose estimation method for augmented reality manual for cars ,"Nio Usa, Inc.","Vidya Elangovan, Prashant Jain, Anthony Tao Liang, Guan Wang",2017-07-12,2017-07-12,2021-01-05,2021-01-05,https://patents.google.com/patent/US10885712B2/en,https://patentimages.storage.googleapis.com/30/7b/dc/fe2da519e8a0e8/US10885712-20210105-D00000.png
US-2019313446-A1,"Method, system and device for network communications within a vehicle ","Nio Usa, Inc.","Yongbum Kim, Stephen Eric Sidle, Luna Chen, Jerry L. Petree, Suma Prabhakara, George T. Feltovich",2018-04-10,2019-04-10,2019-10-10,,https://patents.google.com/patent/US20190313446A1/en,https://patentimages.storage.googleapis.com/a6/0c/6c/482e313df5c27a/US20190313446A1-20191010-D00000.png
US-10906549-B2,Systems and methods of autonomously controlling vehicle lane change maneuver ,"Nio Usa, Inc.",Albert Wu,2018-12-07,2018-12-07,2021-02-02,2021-02-02,https://patents.google.com/patent/US10906549B2/en,https://patentimages.storage.googleapis.com/71/34/c6/e91375208cee47/US10906549-20210202-D00000.png
US-2020314333-A1,Dynamic seam adjustment of image overlap zones from multi-camera source images ,"Nio Usa, Inc.","Anthony Tao Liang, Vidya Elangovan, Divya Ramakrishnan, Prashant Jain",2019-03-29,2019-03-29,2020-10-01,,https://patents.google.com/patent/US20200314333A1/en,https://patentimages.storage.googleapis.com/18/15/e8/af2827e882b1ce/US20200314333A1-20201001-D00000.png
US-2020225661-A1,Vehicle path-planner monitor and controller ,"Nio Usa, Inc.","Bo Guo, Xiaodong Liu",2017-10-17,2020-03-23,2020-07-16,,https://patents.google.com/patent/US20200225661A1/en,https://patentimages.storage.googleapis.com/f4/ea/ad/038975b7bceb6f/US20200225661A1-20200716-D00000.png
US-D894047-S,Vehicle ,Neo Nextev Limited,"Kris Tomasson, Juho Suh, Jim Basté, Kevyn Gruchala",2018-10-26,2018-11-02,2020-08-25,2020-08-25,https://patents.google.com/patent/USD894047S1/en,https://patentimages.storage.googleapis.com/44/4f/47/ada6b044b31fc0/USD0894047-20200825-D00000.png
US-2019016331-A1,Programming complex parking maneuvers for driverless vehicles ,"Nio Usa, Inc.","Jamie P. Carlson, Yadunandana Yellambalase",2017-07-14,2017-07-14,2019-01-17,,https://patents.google.com/patent/US20190016331A1/en,https://patentimages.storage.googleapis.com/2f/9c/5c/2ae8d9737bfa3d/US20190016331A1-20190117-D00000.png
US-11726189-B2,Real-time online calibration of coherent doppler lidar systems on vehicles ,"Nio Technology (Anhui) Co., Ltd.","Zhenxiang Jian, Tong Lin, Hiu Hong Yu, Xu Chen",2019-12-09,2019-12-09,2023-08-15,2023-08-15,https://patents.google.com/patent/US11726189B2/en,https://patentimages.storage.googleapis.com/ca/d9/10/78ef998507cf1a/US11726189-20230815-D00000.png
US-11520024-B2,Automatic autonomous vehicle and robot LiDAR-camera extrinsic calibration ,"Nio Technology (Anhui) Co., Ltd.","Hiu Hong Yu, Tong Lin, Xu Chen, Zhenxiang Jian",2019-12-24,2019-12-24,2022-12-06,2022-12-06,https://patents.google.com/patent/US11520024B2/en,https://patentimages.storage.googleapis.com/43/a1/07/9415c2640d3996/US11520024-20221206-D00000.png
US-10369966-B1,Controlling access to a vehicle using wireless access devices ,"Nio Usa, Inc.","James S. Higgins, Infantdani Abel Rayan, Joshua T. Butler, Rachad Youssef Gamarra, Anthony Tao Liang, Gautam Muralidhar",2018-05-23,2018-05-23,2019-08-06,2019-08-06,https://patents.google.com/patent/US10369966B1/en,https://patentimages.storage.googleapis.com/b1/e2/f0/34a8ee6f284e70/US10369966-20190806-D00000.png
US-10946868-B2,Methods and devices for autonomous vehicle operation ,"Nio Usa, Inc.","Stefan T. HILLIGARDT, James S. Higgins, Abhishek Singhal, Rachad Youssef Gamarra",2018-03-28,2018-03-28,2021-03-16,2021-03-16,https://patents.google.com/patent/US10946868B2/en,https://patentimages.storage.googleapis.com/b3/56/33/285350000eb4f0/US10946868-20210316-D00000.png
US-2018189683-A1,Autonomous ev charging priority network ,"NextEv USA, Inc.",Austin L. Newman,2016-12-29,2016-12-29,2018-07-05,,https://patents.google.com/patent/US20180189683A1/en,https://patentimages.storage.googleapis.com/94/a6/45/f9807d812efcbd/US20180189683A1-20180705-D00000.png
US-10124690-B2,Electric vehicle charging device positioning and method of use ,"Nio Usa, Inc.",Christopher P. Ricci,2015-11-13,2015-11-30,2018-11-13,2018-11-13,https://patents.google.com/patent/US10124690B2/en,https://patentimages.storage.googleapis.com/cc/96/de/eda83437aeae68/US10124690-20181113-D00000.png
US-10166875-B2,Deployable safety shield for charging ,"Nio Usa, Inc.",Christopher P. Ricci,2015-11-13,2016-10-08,2019-01-01,2019-01-01,https://patents.google.com/patent/US10166875B2/en,https://patentimages.storage.googleapis.com/a2/4c/5b/cffc7b2ce717ca/US10166875-20190101-D00000.png
US-10209981-B2,Structure for updating software in remote device ,"Nio Usa, Inc.","Yanir Hirshberg, Craig North",2016-11-21,2017-02-02,2019-02-19,2019-02-19,https://patents.google.com/patent/US10209981B2/en,https://patentimages.storage.googleapis.com/b1/fd/64/436d72a6f5ed84/US10209981-20190219-D00000.png
US-10245924-B2,Automatic vehicle cabin air filtration system ,"Nio Usa, Inc.",Austin NEWMAN,2016-08-02,2016-11-01,2019-04-02,2019-04-02,https://patents.google.com/patent/US10245924B2/en,https://patentimages.storage.googleapis.com/bf/5d/60/440a32b33eb099/US10245924-20190402-D00000.png
US-10668823-B2,Smart cruise control and ADAS for range extension ,"Nio Usa, Inc.","Robert Herb, Thomas Fritz",2016-08-09,2016-09-29,2020-06-02,2020-06-02,https://patents.google.com/patent/US10668823B2/en,https://patentimages.storage.googleapis.com/bc/9a/eb/8f32845fa3f8b9/US10668823-20200602-D00000.png
US-2021203177-A1,Vehicle charging scheduler ,"Nio Usa, Inc.",James Peng,2019-12-31,2019-12-31,2021-07-01,,https://patents.google.com/patent/US20210203177A1/en,https://patentimages.storage.googleapis.com/68/9f/e3/c5f46e6dfef4f0/US20210203177A1-20210701-D00000.png
US-10779438-B2,Sealable multi-surface electronics thermal conduction package ,"Nio Usa, Inc.",Nermin Mujcinovic,2018-03-27,2019-08-12,2020-09-15,2020-09-15,https://patents.google.com/patent/US10779438B2/en,https://patentimages.storage.googleapis.com/28/d7/c9/d31c59e13ed597/US10779438-20200915-D00000.png
US-10608941-B2,Dual-network for fault tolerance ,"Nio Usa, Inc.","Joseph Buczek, Joseph William Long",2017-09-27,2017-09-27,2020-03-31,2020-03-31,https://patents.google.com/patent/US10608941B2/en,https://patentimages.storage.googleapis.com/e9/8d/0b/ba76a0ff9e378d/US10608941-20200331-D00000.png
US-2021006344-A1,"Method, system, and device for seamless fault tolerant clock synchronization in a vehicle communication system ","Nio Usa, Inc.","Luna Chen, Samir Agrawal, Jerry L. Petree, Jevin K. Saini, Aswini Vijayaraghavan, Yongbum Kim",2019-07-01,2019-07-01,2021-01-07,,https://patents.google.com/patent/US20210006344A1/en,https://patentimages.storage.googleapis.com/04/a5/86/e9f86ec64b82f9/US20210006344A1-20210107-D00000.png
US-10551207-B2,Autonomous vehicle sensor data and map integration ,"Nio Usa, Inc.","Robin Bigio, Daniel Paul Nacamuli, Zachury B. Minjack, Nicholas D. Hoppesch, Timothy J. Meador, Pierluigi Dalla Rosa",2018-06-18,2018-06-18,2020-02-04,2020-02-04,https://patents.google.com/patent/US10551207B2/en,https://patentimages.storage.googleapis.com/4c/91/2b/793278ec11f62f/US10551207-20200204-D00000.png
US-2021229569-A1,Split battery for autonomous driving ,"Nio Usa, Inc.","Austin L. Newman, Alexander J. Smith, Adam H. Ing, Rick Rajaie",2017-09-11,2021-04-15,2021-07-29,,https://patents.google.com/patent/US20210229569A1/en,https://patentimages.storage.googleapis.com/7c/9a/fc/b6e721848e25de/US20210229569A1-20210729-D00000.png
US-2021141092-A1,Scene perception using coherent doppler lidar ,"Nio Usa, Inc.","Xu Chen, Tong Lin, Zhenxiang Jian, Hiu Hong Yu",2019-11-07,2019-11-07,2021-05-13,,https://patents.google.com/patent/US20210141092A1/en,https://patentimages.storage.googleapis.com/ee/06/ea/cde09d383cec43/US20210141092A1-20210513-D00000.png
US-2017136885-A1,Vehicle capacitive charging system and method of use ,"NextEv USA, Inc.",Christopher P. Ricci,2015-11-13,2016-08-02,2017-05-18,,https://patents.google.com/patent/US20170136885A1/en,https://patentimages.storage.googleapis.com/75/32/3b/cc7d815758df16/US20170136885A1-20170518-D00000.png
US-11247675-B2,Systems and methods of autonomously controlling vehicle states ,"Nio Usa, Inc.","Albert Wu, Zhongkui Wang, Arek V. Sredzki, Keja S. A. Rowe",2019-06-24,2019-06-24,2022-02-15,2022-02-15,https://patents.google.com/patent/US11247675B2/en,https://patentimages.storage.googleapis.com/88/e4/43/09be747ae7e4f8/US11247675-20220215-D00000.png
US-10530816-B2,Method for detecting the use of unauthorized security credentials in connected vehicles ,"Nio Usa, Inc.",Abraham T. Chen,2017-05-18,2017-05-18,2020-01-07,2020-01-07,https://patents.google.com/patent/US10530816B2/en,https://patentimages.storage.googleapis.com/13/b1/45/6ff5de261a8251/US10530816-20200107-D00000.png
US-10843550-B2,Thermal management system with two pumps and three loops ,"Nio Usa, Inc.",Ming Fung Wong,2018-08-21,2018-08-21,2020-11-24,2020-11-24,https://patents.google.com/patent/US10843550B2/en,https://patentimages.storage.googleapis.com/94/f7/2a/909613c8553ab7/US10843550-20201124-D00000.png
US-2021016666-A1,System and method for providing asil d fail operational power systems in automated vehicle applications ,"Nio Usa, Inc.","Xiaodong Liu, Bo Guo",2017-09-15,2020-09-24,2021-01-21,,https://patents.google.com/patent/US20210016666A1/en,https://patentimages.storage.googleapis.com/2d/c5/d9/773b8ce8c9c99a/US20210016666A1-20210121-D00000.png
US-10775263-B2,Systems and methods for diagnosing seal integrity in a battery ,"Nio Usa, Inc.","Adam H. Ing, Alexander J. Smith, Austin L. Newman",2017-07-31,2017-07-31,2020-09-15,2020-09-15,https://patents.google.com/patent/US10775263B2/en,https://patentimages.storage.googleapis.com/85/12/0b/16b59f46ff795a/US10775263-20200915-D00000.png
US-10749156-B2,Battery module structural integration ,"Nio Usa, Inc.","Austin L. Newman, Joshua Smith",2016-08-01,2016-08-31,2020-08-18,2020-08-18,https://patents.google.com/patent/US10749156B2/en,https://patentimages.storage.googleapis.com/7f/54/51/121593a38e9eef/US10749156-20200818-D00000.png
US-10267075-B2,Self-contained door hinge mechanism ,"Nio Usa, Inc.","Shane Louis Kenyon, Nermin Mujcinovic",2017-05-01,2017-05-01,2019-04-23,2019-04-23,https://patents.google.com/patent/US10267075B2/en,https://patentimages.storage.googleapis.com/31/68/f7/32acd8cbc7fca9/US10267075-20190423-D00000.png
US-11014569-B2,Vehicle control system using nonlinear dynamic model states and steering offset estimation ,"Nio Usa, Inc.","Omid Ghasemalizadeh, Albert Wu, Zhongkui Wang",2018-07-31,2018-07-31,2021-05-25,2021-05-25,https://patents.google.com/patent/US11014569B2/en,https://patentimages.storage.googleapis.com/9f/17/68/507c0fd744d5e4/US11014569-20210525-D00000.png
US-10950899-B2,Abuse tolerance in battery modules ,"Nio Usa, Inc.","Marc W. Juzkow, Alexander J. Smith",2018-05-31,2018-05-31,2021-03-16,2021-03-16,https://patents.google.com/patent/US10950899B2/en,https://patentimages.storage.googleapis.com/45/1c/da/bd465e65949cae/US10950899-20210316-D00000.png
US-2019351740-A1,Use of an inside condenser to maximize total thermal system performance ,"Nio Usa, Inc.","Matthew S. Filipkowski, Joshua Smith, Rick Rajaie",2018-05-18,2018-05-18,2019-11-21,,https://patents.google.com/patent/US20190351740A1/en,https://patentimages.storage.googleapis.com/33/19/42/2953166d1ed5d6/US20190351740A1-20191121-D00000.png
US-2019186939-A1,Intelligent trip prediction in autonomous vehicles ,"Nio Usa, Inc.","Jonathan A. COX, Gautam Muralidhar, Christopher F. Pouliot, Edward H. Baik, Marzieh Parandehgheibi, Abhishek Singhal",2017-12-20,2017-12-20,2019-06-20,,https://patents.google.com/patent/US20190186939A1/en,https://patentimages.storage.googleapis.com/57/20/e7/660bd5b0353e8b/US20190186939A1-20190620-D00000.png
US-11668798-B2,Real-time ground surface segmentation algorithm for sparse point clouds ,"Nio Technology (Anhui) Co., Ltd.","Arun C S Kumar, Disha Ahuja, Ashwath Aithal",2019-11-14,2020-02-04,2023-06-06,2023-06-06,https://patents.google.com/patent/US11668798B2/en,https://patentimages.storage.googleapis.com/a9/aa/00/62de29059da7c6/US11668798-20230606-D00000.png
US-10538174-B2,Real-time nonlinear receding horizon control of batteries for power systems ,"Nio Usa, Inc.","Fei Sun, Kamran Turkoglu",2017-09-29,2017-09-29,2020-01-21,2020-01-21,https://patents.google.com/patent/US10538174B2/en,https://patentimages.storage.googleapis.com/0f/d8/8a/8c5db0daf6b19d/US10538174-20200121-D00000.png
US-2019135220-A1,Large volume dual airbag system ,"Nio Usa, Inc.","Jeffrey D. Rupp, Bruno M. Barthelemy",2017-11-08,2017-11-08,2019-05-09,,https://patents.google.com/patent/US20190135220A1/en,https://patentimages.storage.googleapis.com/11/27/f3/a823436103ea63/US20190135220A1-20190509-D00000.png
US-2018010919-A1,"System and method for tracking and storing battery data, and utilizing the data to appropriately match batteries upon swapping ","NextEv USA, Inc.","Chendong Huang, Jie Fang, Wenpeng Zhao, Yaping Jiang, Xiaojia DENG",2016-07-05,2016-10-04,2018-01-11,,https://patents.google.com/patent/US20180010919A1/en,https://patentimages.storage.googleapis.com/0c/94/70/f1e47233de87b7/US20180010919A1-20180111-D00000.png
US-10118503-B2,Supercooling of components during extreme conditions ,"Nio Usa, Inc.","Austin L. Newman, Alexander J. Smith, Adam H. Ing, Rick Rajaie",2017-04-04,2017-04-04,2018-11-06,2018-11-06,https://patents.google.com/patent/US10118503B2/en,https://patentimages.storage.googleapis.com/bc/97/be/1e34d9d0405bf6/US10118503-20181106-D00000.png
US-11493625-B2,Simulated LiDAR devices and systems ,"Nio Technology (Anhui) Co., Ltd.","Arun C S Kumar, Disha Ahuja, Ashwath Aithal",2020-03-16,2020-03-16,2022-11-08,2022-11-08,https://patents.google.com/patent/US11493625B2/en,https://patentimages.storage.googleapis.com/f5/3b/75/4c564ad8ea46af/US11493625-20221108-D00000.png
US-10053089-B2,System for controlling a vehicle based on thermal profile tracking ,"Nio Usa, Inc.","Austin L. Newman, Dennis Polischuk",2016-11-16,2016-12-30,2018-08-21,2018-08-21,https://patents.google.com/patent/US10053089B2/en,https://patentimages.storage.googleapis.com/55/79/b4/8f3e1428194a9c/US10053089-20180821-D00000.png
US-10243381-B2,Electrochromic vehicle window ,"Nio Usa, Inc.","Austin NEWMAN, Christopher Eckert",2016-08-02,2016-11-30,2019-03-26,2019-03-26,https://patents.google.com/patent/US10243381B2/en,https://patentimages.storage.googleapis.com/8d/ec/57/b2d01eefaeeb36/US10243381-20190326-D00000.png
US-2019351732-A1,Thermal system topology of cascaded refrigerant and coolant circuits ,"Nio Usa, Inc.","Rick Rajaie, Joshua Smith, Armando Mendez Abrego, Dewashish Kanta Prashad",2018-05-18,2018-05-18,2019-11-21,,https://patents.google.com/patent/US20190351732A1/en,https://patentimages.storage.googleapis.com/a8/fc/a2/3594b3fe943f11/US20190351732A1-20191121-D00000.png
US-10836346-B2,Methods and systems for providing a protect occupants mode with an autonomous vehicle ,"Nio Usa, Inc.","Stefan T. HILLIGARDT, James S. Higgins, Abhishek Singhal, Rachad Youssef Gamarra",2018-04-27,2018-04-27,2020-11-17,2020-11-17,https://patents.google.com/patent/US10836346B2/en,https://patentimages.storage.googleapis.com/d8/2d/52/7a120d8dfb348b/US10836346-20201117-D00000.png
US-2018351219-A1,Battery cell cooling plate with cell vents ,"NextEv USA, Inc.","Alexander J. Smith, Austin L. Newman",2017-05-31,2017-05-31,2018-12-06,,https://patents.google.com/patent/US20180351219A1/en,https://patentimages.storage.googleapis.com/b5/0b/64/8a97fd478db611/US20180351219A1-20181206-D00000.png
US-2018139415-A1,Using Vehicle Sensor Data to Monitor Environmental and Geologic Conditions ,"NextEv USA, Inc.",Austin NEWMAN,2016-11-11,2016-12-01,2018-05-17,,https://patents.google.com/patent/US20180139415A1/en,https://patentimages.storage.googleapis.com/cd/64/17/33082df863d443/US20180139415A1-20180517-D00000.png
US-2018345972-A1,Utilization of Smoothing Functions for Acceleration and Deceleration Profile Generation ,"NextEv USA, Inc.",Kamran Turkoglu,2017-05-31,2017-05-31,2018-12-06,,https://patents.google.com/patent/US20180345972A1/en,https://patentimages.storage.googleapis.com/61/e7/af/5459bfcf329d3b/US20180345972A1-20181206-D00000.png
US-2018281110-A1,Single-position sequential laser welding system ,"NextEv USA, Inc.",Austin L. Newman,2017-03-30,2017-03-30,2018-10-04,,https://patents.google.com/patent/US20180281110A1/en,https://patentimages.storage.googleapis.com/81/5b/d8/06976aff2cf555/US20180281110A1-20181004-D00001.png
US-2019023149-A1,Integrated power systems for electric vehicles ,"NextEv USA, Inc.","Peng Chen, Miaosen Shen, Feng Guo, Adam H. Ing, Alexander J. Smith, Rick Rajaie",2017-07-19,2017-07-19,2019-01-24,,https://patents.google.com/patent/US20190023149A1/en,https://patentimages.storage.googleapis.com/f7/65/6a/35f02c583b6783/US20190023149A1-20190124-D00000.png
US-2018137368-A1,System for tracking and identifying vehicles and pedestrians ,"NextEv USA, Inc.",Austin NEWMAN,2016-11-11,2016-12-01,2018-05-17,,https://patents.google.com/patent/US20180137368A1/en,https://patentimages.storage.googleapis.com/cd/f9/80/c433dee58482ca/US20180137368A1-20180517-D00000.png
US-2018134284-A1,System for controlling a vehicle based on wheel angle tracking ,"NextEv USA, Inc.","Austin NEWMAN, Dennis Polischuk",2016-11-16,2016-12-30,2018-05-17,,https://patents.google.com/patent/US20180134284A1/en,https://patentimages.storage.googleapis.com/5d/c8/64/d702eff30e5cd0/US20180134284A1-20180517-D00000.png
US-2019236058-A1,"Methods, devices, and systems for processing sensor data of vehicles ","Nio Usa, Inc.","SatyaShiva Komala, Michael A. Richmond, Ashok Kumar Madhavi Selvaraj",2018-01-05,2019-01-07,2019-08-01,,https://patents.google.com/patent/US20190236058A1/en,https://patentimages.storage.googleapis.com/8f/03/e7/f6c765053dfe75/US20190236058A1-20190801-D00000.png
US-2018203463-A1,Snow plow mode for autonomous driving ,"NextEv USA, Inc.",Alexander J. Smith,2017-01-16,2017-01-16,2018-07-19,,https://patents.google.com/patent/US20180203463A1/en,https://patentimages.storage.googleapis.com/eb/fc/cd/8cb1e742249abc/US20180203463A1-20180719-D00000.png
US-2019001966-A1,Rollover control algorithm ,"NextEv USA, Inc.",Sai Maharaja Swamidason,2017-06-29,2017-06-29,2019-01-03,,https://patents.google.com/patent/US20190001966A1/en,https://patentimages.storage.googleapis.com/a8/d2/41/575f1c445c5a80/US20190001966A1-20190103-D00000.png
US-2018083251-A1,Battery module including a weldless busbar having an integrated fusible link ,"NextEv USA, Inc.",Austin NEWMAN,2016-09-16,2016-12-30,2018-03-22,,https://patents.google.com/patent/US20180083251A1/en,https://patentimages.storage.googleapis.com/61/92/5f/6d2a09e1847e36/US20180083251A1-20180322-D00000.png
US-2018112766-A1,Automatic oil exchange service for electric vehicle gearboxes ,"NextEv USA, Inc.",Dimitri Bassis,2016-10-21,2016-11-30,2018-04-26,,https://patents.google.com/patent/US20180112766A1/en,https://patentimages.storage.googleapis.com/0f/73/bf/ff89c80fd0585d/US20180112766A1-20180426-D00000.png
US-2019189382-A1,Fusible link in battery module voltage sensing circuit ,"Nio Usa, Inc.","Stephen C. Holland, Alexander J. Smith",2017-12-15,2017-12-15,2019-06-20,,https://patents.google.com/patent/US20190189382A1/en,https://patentimages.storage.googleapis.com/c6/c2/70/72b61f2e77507b/US20190189382A1-20190620-D00000.png
US-2019329675-A1,Fixed structure seat ,"Nio Usa, Inc.","Colin J. Stevens, Teh Feng Fang, Bruno M. Barthelemy",2017-10-19,2019-07-08,2019-10-31,,https://patents.google.com/patent/US20190329675A1/en,https://patentimages.storage.googleapis.com/e6/49/1f/2fa0e265f61a95/US20190329675A1-20191031-D00000.png
US-10818110-B2,Methods and systems for providing a mixed autonomy vehicle trip summary ,"Nio Usa, Inc.","Robin Bigio, Zachury B. Minjack, Timothy J. Meador, Daniel Paul Nacamuli",2018-04-06,2018-04-06,2020-10-27,2020-10-27,https://patents.google.com/patent/US10818110B2/en,https://patentimages.storage.googleapis.com/58/2d/a9/2813f3827be8b7/US10818110-20201027-D00000.png
US-10747833-B2,Personalized news recommendation engine ,"Nio Usa, Inc.","Fei Xiao, Christopher Li, Zhou Xing, Marzieh Parandehgheibi, Christopher F. Pouliot, Nilesh V. Kulkarni, Abhishek Singhal, Edward H. Baik, Lisa E. Falkson",2017-10-30,2017-10-30,2020-08-18,2020-08-18,https://patents.google.com/patent/US10747833B2/en,https://patentimages.storage.googleapis.com/00/7b/52/ab2ebca2a74c3c/US10747833-20200818-D00000.png
US-2020070777-A1,Systems and methods for a digital key ,"Nio Usa, Inc.","Fang Chen, Jonathan A. COX, Bhaskar Saha, Xiaochen JIA, Karthick Kumar Malli Raghavan, Infantdani Abel Rayan, Christopher F. Pouliot, Nilesh V. Kulkarni",2018-08-30,2018-08-30,2020-03-05,,https://patents.google.com/patent/US20200070777A1/en,https://patentimages.storage.googleapis.com/38/13/6f/d64c31d32b33a8/US20200070777A1-20200305-D00000.png
US-2018212967-A1,Portable device used to support secure lifecycle of connected devices ,"NextEv USA, Inc.","Abraham T. Chen, Francisco Javier Vazquez Vidal, Qiyan Wang, Trampus G. Richmond, Mauricio Nicolas Martinez Inguanzo, Jeffrey F. Hart, Veysel Özer",2017-01-25,2017-01-25,2018-07-26,,https://patents.google.com/patent/US20180212967A1/en,https://patentimages.storage.googleapis.com/e2/d7/1c/b50004ad08f326/US20180212967A1-20180726-D00000.png
US-2018009331-A1,Split electric vehicle (ev) battery including both a replaceable and fixed portion ,"NextEv USA, Inc.","Chendong Huang, Jie Fang, Wenpeng Zhao, Yaping Jiang, Xiaojia DENG",2016-07-05,2016-10-03,2018-01-11,,https://patents.google.com/patent/US20180009331A1/en,https://patentimages.storage.googleapis.com/4c/7e/62/5b3971f58b2d5b/US20180009331A1-20180111-D00000.png
US-10892465-B2,Battery cell cover including terminal short isolation feature ,"Nio Usa, Inc.","Austin L. Newman, Alexander J. Smith",2018-03-22,2018-03-22,2021-01-12,2021-01-12,https://patents.google.com/patent/US10892465B2/en,https://patentimages.storage.googleapis.com/3d/60/34/a9a386b1810d02/US10892465-20210112-D00000.png
US-2021237581-A1,Predictive regenerative braking ,"Nio Usa, Inc.","Rick Rajaie, Joshua Smith, Jamie P. Carlson",2020-02-03,2020-02-03,2021-08-05,,https://patents.google.com/patent/US20210237581A1/en,https://patentimages.storage.googleapis.com/0b/ff/23/9eff3b66339029/US20210237581A1-20210805-D00000.png
US-2019077286-A1,Automotive seatback air vent ,"Nio Usa, Inc.","Matthew S. Filipkowski, Colin J. Stevens",2017-09-14,2017-09-14,2019-03-14,,https://patents.google.com/patent/US20190077286A1/en,https://patentimages.storage.googleapis.com/e3/3f/ab/f9b7d6acf60660/US20190077286A1-20190314-D00000.png
US-11104300-B2,Radio frequency tag relay attack prevention and notification ,"Nio Usa, Inc.","Yongbum Kim, Qiyan Wang, Jerry L. Petree, Samir Agrawal, Sandeep Dhull, Luna Chen, Jamie P. Carlson",2019-07-01,2019-07-01,2021-08-31,2021-08-31,https://patents.google.com/patent/US11104300B2/en,https://patentimages.storage.googleapis.com/04/a2/b7/f2d18209e9bae2/US11104300-20210831-D00000.png
US-2019375311-A1,Systems and methods for regulating charging of electric vehicles ,"Nio Usa, Inc.","Miaosen Shen, Feng Guo",2018-06-12,2019-07-24,2019-12-12,,https://patents.google.com/patent/US20190375311A1/en,https://patentimages.storage.googleapis.com/d5/32/b7/f5c8dca3e11038/US20190375311A1-20191212-D00000.png
US-2020136187-A1,Zero flammability electrolyte for lithium-ion cell ,"Nio Usa, Inc.",Marc W. Juzkow,2018-10-30,2019-09-05,2020-04-30,,https://patents.google.com/patent/US20200136187A1/en,https://patentimages.storage.googleapis.com/4d/44/16/ab344a404c40de/US20200136187A1-20200430-D00000.png
US-2019128043-A1,Powered accessory port closure lid ,"Nio Usa, Inc.","Ren Ren, Padmanabhan Kumar",2017-10-26,2017-10-26,2019-05-02,,https://patents.google.com/patent/US20190128043A1/en,https://patentimages.storage.googleapis.com/c7/bb/50/2fe4a3d47a4207/US20190128043A1-20190502-D00000.png
US-2021138957-A1,Method and apparatus for improving operation of a motor vehicle ,"Nio Usa, Inc.",James Peng,2019-11-07,2019-11-07,2021-05-13,,https://patents.google.com/patent/US20210138957A1/en,https://patentimages.storage.googleapis.com/b0/96/cd/7f274f791f11fe/US20210138957A1-20210513-D00000.png
US-2019100111-A1,Power systems and methods for electric vehicles ,"Nio Usa, Inc.","Xiaodong Liu, Bo Guo",2017-09-29,2017-09-29,2019-04-04,,https://patents.google.com/patent/US20190100111A1/en,https://patentimages.storage.googleapis.com/f7/bb/3f/7f220ae172858b/US20190100111A1-20190404-D00000.png
US-2021372796-A1,"Methods to improve location/localization accuracy in autonomous machines with gnss, lidar, radar, camera, and visual sensors ","Nio Usa, Inc.","Tong Lin, Hiu Hong Yu, Veera Ganesh Yalla, Farzad Cyrus Foroughi Abari, Andre Michelin, Xu Chen",2019-06-26,2019-06-26,2021-12-02,,https://patents.google.com/patent/US20210372796A1/en,https://patentimages.storage.googleapis.com/f2/4b/6b/382f1b90b847e8/US20210372796A1-20211202-D00000.png
US-2021351732-A1,"Devices, systems, and methods for self-heating batteries ","Nio Usa, Inc.",Miaosen Shen,2020-05-05,2020-05-05,2021-11-11,,https://patents.google.com/patent/US20210351732A1/en,https://patentimages.storage.googleapis.com/49/54/b8/45300ef72c797b/US20210351732A1-20211111-D00000.png
US-2020122575-A1,System and method for providing momentum scrolling via a rotary user interface device ,"Nio Usa, Inc.","James A. Chion, Timothy J. Meador, Pierluigi Dalla Rosa, Robin Bigio",2018-10-22,2018-10-22,2020-04-23,,https://patents.google.com/patent/US20200122575A1/en,https://patentimages.storage.googleapis.com/08/fc/05/906e0fc6673d41/US20200122575A1-20200423-D00000.png
US-2019271258-A1,Thermal management coolant valves and pumps modular combination ,"Nio Usa, Inc.","Armando Mendez Abrego, Joshua Smith, Rick Rajaie, Dewashish Kanta Prashad",2018-03-01,2018-03-01,2019-09-05,,https://patents.google.com/patent/US20190271258A1/en,https://patentimages.storage.googleapis.com/67/f7/a7/caa0f1526e4dd5/US20190271258A1-20190905-D00000.png
US-2020203941-A1,Laminate busbars for battery module design ,"Nio Usa, Inc.","Adam H. Ing, Shubham Saurav, Alexander J. Smith",2018-12-21,2018-12-21,2020-06-25,,https://patents.google.com/patent/US20200203941A1/en,https://patentimages.storage.googleapis.com/ee/38/d3/cdd0c185824ae8/US20200203941A1-20200625-D00000.png
US-2019372750-A1,Systems and methods of controlling synchronicity of communication within a network of devices ,"Nio Usa, Inc.",Zhongkui Wang,2018-05-31,2018-05-31,2019-12-05,,https://patents.google.com/patent/US20190372750A1/en,https://patentimages.storage.googleapis.com/44/db/87/7183d1c9a88dd0/US20190372750A1-20191205-D00000.png
US-2019097436-A1,Power systems and methods for electric vehicles ,"Nio Usa, Inc.","Adam H. Ing, Alexander J. Smith",2017-09-22,2017-09-22,2019-03-28,,https://patents.google.com/patent/US20190097436A1/en,https://patentimages.storage.googleapis.com/1d/90/4d/36ff88b468863f/US20190097436A1-20190328-D00000.png
US-2021218079-A1,Early detection of thermal incident in battery pack ,"Nio Usa, Inc.","Marc W. Juzkow, Yadunandana Yellambalase",2020-01-14,2020-01-14,2021-07-15,,https://patents.google.com/patent/US20210218079A1/en,https://patentimages.storage.googleapis.com/b8/dd/d3/588d2f62f92313/US20210218079A1-20210715-D00000.png
US-2021206388-A1,Autonomous vehicle emergency route guidance ,"Nio Usa, Inc.","Alex J. Smith, Ali A. Ayoub, Stefan T. HILLIGARDT",2020-01-08,2020-01-08,2021-07-08,,https://patents.google.com/patent/US20210206388A1/en,https://patentimages.storage.googleapis.com/16/c2/be/2c43f3672a401c/US20210206388A1-20210708-D00000.png
US-2020062029-A1,Active aerodynamic wheel cap devices and systems ,"Nio Usa, Inc.","Ming Fung Wong, Tamanna Nabar",2018-08-22,2018-08-22,2020-02-27,,https://patents.google.com/patent/US20200062029A1/en,https://patentimages.storage.googleapis.com/d9/e0/81/8b6e67519820f9/US20200062029A1-20200227-D00000.png
US-2021291619-A1,Thermal comfort model (tcm) based climate control strategy using equivalent temperature ,"Nio Usa, Inc.","Sama Aghniaey, An Wu, Joshua Smith, Bruno M. Barthelemy, Anqi Wang",2020-03-18,2020-03-18,2021-09-23,,https://patents.google.com/patent/US20210291619A1/en,https://patentimages.storage.googleapis.com/c2/bf/e0/43acc0b428ce59/US20210291619A1-20210923-D00000.png
US-2021316711-A1,"Automatically adjust hvac, window and seat based on historical user's behavior ","Nio Usa, Inc.","An Wu, Matthew J. Daigle, Sama Aghniaey, Anqi Wang, Bruno M. Barthelemy",2020-04-09,2020-04-09,2021-10-14,,https://patents.google.com/patent/US20210316711A1/en,https://patentimages.storage.googleapis.com/25/48/52/cef68f5f4e1286/US20210316711A1-20211014-D00000.png
US-2018261813-A1,Thermally conductive potting for module retainer and thermal link ,"NextEv USA, Inc.",Austin L. Newman,2017-03-10,2017-03-10,2018-09-13,,https://patents.google.com/patent/US20180261813A1/en,https://patentimages.storage.googleapis.com/f0/3c/41/9f3bf01242122c/US20180261813A1-20180913-D00000.png
US-2020127351-A1,Two-phase semi-immersion thermal system for energy storage and other electrical/electronic devices ,"Nio Usa, Inc.","Alexander J. Smith, Marc W. Juzkow, Adam H. Ing",2018-10-19,2018-10-19,2020-04-23,,https://patents.google.com/patent/US20200127351A1/en,https://patentimages.storage.googleapis.com/ed/cf/13/c53efae292543b/US20200127351A1-20200423-D00000.png
US-2021206395-A1,Methods and systems to enhance safety of bi-directional transition between autonomous and manual driving modes ,"Nio Usa, Inc.",Bo Guo,2020-01-06,2020-01-06,2021-07-08,,https://patents.google.com/patent/US20210206395A1/en,https://patentimages.storage.googleapis.com/10/22/3e/f6fef9d67d5985/US20210206395A1-20210708-D00000.png
US-2018281597-A1,Electric vehicle safety concept using distributed vehicle control units ,"NextEv USA, Inc.",Robert Herb,2017-03-28,2017-03-28,2018-10-04,,https://patents.google.com/patent/US20180281597A1/en,https://patentimages.storage.googleapis.com/fb/a3/6b/c1005cb12bbe87/US20180281597A1-20181004-D00000.png
US-10342119-B1,Thermal spring frame and shield for sealed processing systems ,"Nio Usa, Inc.",Nermin Mujcinovic,2018-03-27,2018-03-27,2019-07-02,2019-07-02,https://patents.google.com/patent/US10342119B1/en,https://patentimages.storage.googleapis.com/eb/14/32/006394939211c2/US10342119-20190702-D00000.png
US-2021188043-A1,Thermal management system topology with cascaded refrigerant and coolant circuits ,"Nio Usa, Inc.","Joshua Smith, Dewashish Kanta Prashad, Armando Mendez Abrego",2019-12-23,2019-12-23,2021-06-24,,https://patents.google.com/patent/US20210188043A1/en,https://patentimages.storage.googleapis.com/c0/2e/fa/f6254a7be0b8f3/US20210188043A1-20210624-D00000.png
US-2018034122-A1,Battery thermal management assembly ,"NextEv USA, Inc.",Austin NEWMAN,2016-08-01,2016-11-30,2018-02-01,,https://patents.google.com/patent/US20180034122A1/en,https://patentimages.storage.googleapis.com/5e/fb/23/c529378dc88878/US20180034122A1-20180201-D00000.png
US-2021239793-A1,High precision multi-sensor extrinsic calibration via production line and mobile station ,"Nio Usa, Inc.","Hiu Hong Yu, Zhenxiang Jian, Tong Lin, Xu Chen, Zhongkui Wang, Antonio Antonellis Rufo, Waylon Chen",2020-02-03,2020-02-03,2021-08-05,,https://patents.google.com/patent/US20210239793A1/en,https://patentimages.storage.googleapis.com/ac/ec/16/8ed063d9d4380d/US20210239793A1-20210805-D00000.png
US-11117477-B2,Methods and devices for thermal control during charging of electric vehicles ,"Nio Usa, Inc.","Alexander J. Smith, Rick Rajaie",2018-03-29,2018-03-29,2021-09-14,2021-09-14,https://patents.google.com/patent/US11117477B2/en,https://patentimages.storage.googleapis.com/94/28/c9/dde79864b231b9/US11117477-20210914-D00000.png
US-2019061462-A1,Electric Vehicle Resilient Thermal Management for Cooling System During Fail Operational ,"Nio Usa, Inc.","Joshua Smith, Rick Rajaie, Armando Mendez Abrego",2017-08-25,2017-08-25,2019-02-28,,https://patents.google.com/patent/US20190061462A1/en,https://patentimages.storage.googleapis.com/c6/d2/46/d7673a8301f594/US20190061462A1-20190228-D00000.png
WO-2018237319-A1,Front compartment packaging of automotive hvac module ,"Nio Usa, Inc.","Jochen Paesen, Matthew S. FILIPKOWSKI, Adam K. PHILLIPS",2017-06-22,2018-06-22,2018-12-27,,https://patents.google.com/patent/WO2018237319A1/en,
WO-2018094384-A1,Optimal route selection for autonomous vehicles ,"Nio Usa, Inc.","Abhishek Singhal, Gautam MURALIDHAR, Christopher F. POULIOT, Edward H. BAIK, Jonathan A. COX",2016-11-21,2017-11-21,2018-05-24,,https://patents.google.com/patent/WO2018094384A1/en,
WO-2019164974-A1,Uniform current density tapered busbar ,"Nio Usa, Inc.","Austin L. Newman, Alexander J. Smith, Adam H. Ing",2018-02-20,2019-02-20,2019-08-29,,https://patents.google.com/patent/WO2019164974A1/en,
WO-2018094375-A1,Method and system for vehicle data optimization ,"Nio Usa, Inc.",Christopher F. POULIOT,2016-11-21,2017-11-21,2018-05-24,,https://patents.google.com/patent/WO2018094375A1/en,
WO-2018094373-A1,Sensor surface object detection methods and systems ,"Nio Usa, Inc.",Austin L. NEWMAN,2016-11-21,2017-11-21,2018-05-24,,https://patents.google.com/patent/WO2018094373A1/en,
US-2018348751-A1,Partially Autonomous Vehicle Passenger Control in Difficult Scenario ,"Nio Usa, Inc.",Austin L. Newman,2017-05-31,2017-05-31,2018-12-06,,https://patents.google.com/patent/US20180348751A1/en,https://patentimages.storage.googleapis.com/f7/f1/e5/7558493ed3151a/US20180348751A1-20181206-D00000.png
US-2019329630-A1,High aspect ratio vent aiming using single barrel mechanism ,"Nio Usa, Inc.","Ren Ren, Ming Fung Wong, Matthew S. Filipkowski",2018-04-27,2018-04-27,2019-10-31,,https://patents.google.com/patent/US20190329630A1/en,https://patentimages.storage.googleapis.com/5f/d5/18/282f58ca39a0f1/US20190329630A1-20191031-D00000.png
US-2019316849-A1,"Thermal management, heat transfer improvement of radiator and condenser using ac system evaporator's condensation ","Nio Usa, Inc.","Armando Mendez Abrego, Joshua Smith",2018-04-11,2018-04-11,2019-10-17,,https://patents.google.com/patent/US20190316849A1/en,https://patentimages.storage.googleapis.com/6d/a8/c4/f136ed8bda2f65/US20190316849A1-20191017-D00000.png
US-2019023201-A1,Integrated power systems for electric vehicles ,"NextEv USA, Inc.","Adam H. Ing, Alexander J. Smith, Rick Rajaie, Peng Chen, Miaosen Shen",2017-07-20,2017-07-20,2019-01-24,,https://patents.google.com/patent/US20190023201A1/en,https://patentimages.storage.googleapis.com/f1/ce/7e/8b18f9096eac84/US20190023201A1-20190124-D00000.png
US-2019184836-A1,Ultra-fast charge profile for an electric vehicle ,"Nio Usa, Inc.",Alexander J. Smith,2017-12-19,2017-12-19,2019-06-20,,https://patents.google.com/patent/US20190184836A1/en,https://patentimages.storage.googleapis.com/58/97/39/32819a6be32c38/US20190184836A1-20190620-D00000.png
US-2019186616-A1,Methods and systems for noise mitigation in multiple motor gearbox drive units ,"Nio Usa, Inc.","Dimitri Bassis, Brittany M. Repac",2017-12-14,2017-12-14,2019-06-20,,https://patents.google.com/patent/US20190186616A1/en,https://patentimages.storage.googleapis.com/c0/4e/92/b9e92b7f4da659/US20190186616A1-20190620-D00000.png
US-2019136724-A1,Four-way hydraulic valve flow control body ,"Nio Usa, Inc.",Ming Fung Wong,2017-11-03,2017-11-03,2019-05-09,,https://patents.google.com/patent/US20190136724A1/en,https://patentimages.storage.googleapis.com/93/41/5a/3833a90e08c109/US20190136724A1-20190509-D00000.png
US-2018141408-A1,Method and apparatus for adaptive hvac control ,"NextEv USA, Inc.",Matthew Filipkowski,2016-11-23,2017-05-02,2018-05-24,,https://patents.google.com/patent/US20180141408A1/en,https://patentimages.storage.googleapis.com/b4/2c/b6/1c4baf875262b7/US20180141408A1-20180524-D00000.png
US-2019067763-A1,Power electronics with integrated busbar cooling ,"Nio Usa, Inc.","Adam H. Ing, Alexander J. Smith, Brittany M. Repac",2017-08-29,2017-08-29,2019-02-28,,https://patents.google.com/patent/US20190067763A1/en,https://patentimages.storage.googleapis.com/cb/6a/d9/9c7ff7c8f8be63/US20190067763A1-20190228-D00000.png
US-2018141477-A1,Method and apparatus for seat and bolster adjustment ,"NextEv USA, Inc.","Colin Stevens, Christopher Eckert",2016-11-23,2017-02-08,2018-05-24,,https://patents.google.com/patent/US20180141477A1/en,https://patentimages.storage.googleapis.com/07/d9/01/0c112a1ea2c41f/US20180141477A1-20180524-D00000.png
US-2020369115-A1,Active air curtain ,"Nio Usa, Inc.","Adam T. Woodward, Ren Ren, Matthew S. Filipkowski, Yifan Li",2019-05-23,2019-05-23,2020-11-26,,https://patents.google.com/patent/US20200369115A1/en,https://patentimages.storage.googleapis.com/9c/30/2c/db025740832901/US20200369115A1-20201126-D00000.png
US-11647164-B2,Methods and systems for camera sharing between autonomous driving and in-vehicle infotainment electronic control units ,"Nio Technology (Anhui) Co., Ltd.",Paul T. Mobbs,2021-06-25,2021-06-25,2023-05-09,2023-05-09,https://patents.google.com/patent/US11647164B2/en,https://patentimages.storage.googleapis.com/1a/a1/71/e11a68f81ecaac/US11647164-20230509-D00000.png
US-10836437-B2,Impact performance ,"Nio Usa, Inc.","Paul R. Murray, Geoffrey Daniel Young",2018-12-27,2018-12-27,2020-11-17,2020-11-17,https://patents.google.com/patent/US10836437B2/en,https://patentimages.storage.googleapis.com/19/da/ae/33dbbef91c840e/US10836437-20201117-D00000.png
US-10556599-B2,Conditional progressive degradation of electric vehicle power supply system ,"Nio Usa, Inc.",Christopher P. Ricci,2015-12-18,2016-12-19,2020-02-11,2020-02-11,https://patents.google.com/patent/US10556599B2/en,https://patentimages.storage.googleapis.com/d8/ca/ce/883c2e6bd21930/US10556599-20200211-D00000.png
US-10891048-B2,Method and system for user interface layer invocation ,"Nio Usa, Inc.","Pierluigi Dalla Rosa, Timothy J. Meador",2018-07-19,2018-07-19,2021-01-12,2021-01-12,https://patents.google.com/patent/US10891048B2/en,https://patentimages.storage.googleapis.com/1f/a5/9e/759ad926915ed3/US10891048-20210112-D00000.png
US-2020094687-A1,Supplemental battery system ,"Nio Usa, Inc.","Adam H. Ing, Alexander J. Smith, Yadunandana Yellambalase",2018-09-25,2018-09-25,2020-03-26,,https://patents.google.com/patent/US20200094687A1/en,https://patentimages.storage.googleapis.com/c2/2e/94/db334ffdae446c/US20200094687A1-20200326-D00000.png
WO-2019005736-A1,Body mounted sliding steering column with offset feedback actuator ,"Nio Usa, Inc.","Sai Maharaja Swamidason, Aaron R. Bailey, Martin J. MCKEEFERY",2017-06-26,2018-06-26,2019-01-03,,https://patents.google.com/patent/WO2019005736A1/en,
US-2018126993-A1,Authentication using electromagnet signal detection ,"Nio Usa, Inc.",Austin L. Newman,2016-11-07,2016-12-28,2018-05-10,,https://patents.google.com/patent/US20180126993A1/en,https://patentimages.storage.googleapis.com/bd/39/c6/ac48e806c86332/US20180126993A1-20180510-D00000.png
US-2018160057-A1,Lease observation and event recording ,"NextEv USA, Inc.",Austin NEWMAN,2016-12-06,2016-12-29,2018-06-07,,https://patents.google.com/patent/US20180160057A1/en,https://patentimages.storage.googleapis.com/f2/6d/55/7a120d6fbaa6a9/US20180160057A1-20180607-D00000.png
US-2018137372-A1,Using Vehicle Sensor Data to Monitor Pedestrian Health ,"NextEv USA, Inc.",Austin NEWMAN,2016-11-11,2016-12-01,2018-05-17,,https://patents.google.com/patent/US20180137372A1/en,https://patentimages.storage.googleapis.com/d2/9a/8f/a7447ede286c6a/US20180137372A1-20180517-D00000.png
US-2018331347-A1,Magnetically coated busbar tabs ,"NextEv USA, Inc.","Austin L. Newman, Alexander J. Smith",2017-05-12,2017-05-12,2018-11-15,,https://patents.google.com/patent/US20180331347A1/en,https://patentimages.storage.googleapis.com/d6/0b/e9/141a52d396aea3/US20180331347A1-20181115-D00000.png
US-10668578-B2,Systems and method for pushing a busbar against a battery cell using magnetic force ,"Nio Usa, Inc.",Austin L. Newman,2017-04-20,2017-04-20,2020-06-02,2020-06-02,https://patents.google.com/patent/US10668578B2/en,https://patentimages.storage.googleapis.com/a8/c3/49/31b3964c384dbf/US10668578-20200602-D00000.png
US-2018047957-A1,Damping arrangement for battery cell ,"NextEv USA, Inc.",Austin NEWMAN,2016-08-09,2016-12-28,2018-02-15,,https://patents.google.com/patent/US20180047957A1/en,https://patentimages.storage.googleapis.com/d2/93/c7/473296cc845495/US20180047957A1-20180215-D00000.png
US-2018281548-A1,Auto-leveling suspension and method for same ,"NextEv USA, Inc.",Aaron R. Bailey,2017-03-29,2017-03-29,2018-10-04,,https://patents.google.com/patent/US20180281548A1/en,https://patentimages.storage.googleapis.com/b5/f6/1c/76a59b40d42a61/US20180281548A1-20181004-D00000.png
US-2018112767-A1,Transmission packaging for an epicyclic/planetary gearbox unit with integrated oil pump ,"NextEv USA, Inc.",Dimitri Bassis,2016-10-21,2016-11-30,2018-04-26,,https://patents.google.com/patent/US20180112767A1/en,https://patentimages.storage.googleapis.com/fe/e1/53/7948f0b758179a/US20180112767A1-20180426-D00000.png
US-10502318-B2,Remote locking system for an autonomous vehicle ,"Nio Usa, Inc.",Austin NEWMAN,2016-11-29,2016-12-31,2019-12-10,2019-12-10,https://patents.google.com/patent/US10502318B2/en,https://patentimages.storage.googleapis.com/f0/8e/2a/b0ea769992e448/US10502318-20191210-D00000.png
US-2018079312-A1,Smart regenerative braking control ,"NextEv USA, Inc.",Robert Herb,2016-09-16,2016-10-31,2018-03-22,,https://patents.google.com/patent/US20180079312A1/en,https://patentimages.storage.googleapis.com/21/83/bc/e96e5abfc3d333/US20180079312A1-20180322-D00000.png
US-2018244285-A1,Integrated sensor arrangement for automated auxiliary component adjustments ,"NextEv USA, Inc.","Colin Stevens, Geoffrey D. YOUNG, Christopher Eckert",2017-02-24,2017-02-24,2018-08-30,,https://patents.google.com/patent/US20180244285A1/en,https://patentimages.storage.googleapis.com/d8/23/b3/88f74e10a34655/US20180244285A1-20180830-D00000.png
US-10625626-B2,Charging systems and methods for electric vehicles ,"Nio Usa, Inc.","Miaosen Shen, Peng Chen, Feng Guo",2017-11-29,2017-11-29,2020-04-21,2020-04-21,https://patents.google.com/patent/US10625626B2/en,https://patentimages.storage.googleapis.com/84/2c/ba/f29c3ba72fd3f5/US10625626-20200421-D00000.png
US-10040414-B1,Dash panel exterior mounted passenger airbag ,"Nio Usa, Inc.","Colin J. Stevens, Jeffrey D. Rupp, Christopher J. Eckert, Alan Heriberto de la Garza Tamez, Jane Williams",2017-03-15,2017-03-15,2018-08-07,2018-08-07,https://patents.google.com/patent/US10040414B1/en,https://patentimages.storage.googleapis.com/46/44/e5/32c72b614c9dc5/US10040414-20180807-D00000.png
US-10250983-B1,Distributed and upgradable audio system ,NIO USA Inc.,Philip Roland Graham,2017-09-15,2017-09-15,2019-04-02,2019-04-02,https://patents.google.com/patent/US10250983B1/en,https://patentimages.storage.googleapis.com/dd/9c/33/03aee2a9f5e621/US10250983-20190402-D00000.png
US-2021237578-A1,Faulty power source ejection in a safe zone ,"Nio Usa, Inc.",Adam H. Ing,2020-01-30,2020-01-30,2021-08-05,,https://patents.google.com/patent/US20210237578A1/en,https://patentimages.storage.googleapis.com/db/9d/68/dffd3e0731e6d0/US20210237578A1-20210805-D00000.png
US-2021226189-A1,Fire propagation prevention system for battery modules in a battery pack ,"Nio Usa, Inc.","Marc W. Juzkow, Shubham Saurav",2020-01-21,2020-01-21,2021-07-22,,https://patents.google.com/patent/US20210226189A1/en,https://patentimages.storage.googleapis.com/b7/15/2e/08c0d3d4188126/US20210226189A1-20210722-D00000.png
US-2021213930-A1,Lane prediction and smoothing for extended motion planning horizon ,"Nio Usa, Inc.","Prasenjit Sengupta, Alex Reynell",2020-01-13,2020-01-13,2021-07-15,,https://patents.google.com/patent/US20210213930A1/en,https://patentimages.storage.googleapis.com/bd/2c/ac/c6b22ba416dd35/US20210213930A1-20210715-D00000.png
US-2018111616-A1,Target speed control system which uses acceleration and brake pedals ,"NextEv USA, Inc.",Robert Herb,2016-10-25,2017-06-30,2018-04-26,,https://patents.google.com/patent/US20180111616A1/en,https://patentimages.storage.googleapis.com/0e/9f/4b/865022e3dede60/US20180111616A1-20180426-D00000.png
US-10784486-B2,Uniform current density tapered busbar ,"Nio Usa, Inc.","Alexander J. Smith, Austin L. Newman",2018-02-20,2018-02-20,2020-09-22,2020-09-22,https://patents.google.com/patent/US10784486B2/en,https://patentimages.storage.googleapis.com/64/aa/2b/146f65dc436cf9/US10784486-20200922-D00000.png
US-2021188093-A1,Method for detecting damage to battery pack enclosure during a crash event ,"Nio Usa, Inc.",Parth Sanjiv Gyani,2019-12-18,2019-12-18,2021-06-24,,https://patents.google.com/patent/US20210188093A1/en,https://patentimages.storage.googleapis.com/cd/55/27/ff959dd86dea22/US20210188093A1-20210624-D00000.png
US-2020328660-A1,Method and system to achieve fully redundant fail-safe switch off paths for inverter system ,"Nio Usa, Inc.","Bo Guo, He Li, Miaosen Shen, Yu Liu",2019-04-15,2019-04-15,2020-10-15,,https://patents.google.com/patent/US20200328660A1/en,https://patentimages.storage.googleapis.com/b2/9f/7a/2dc31818fe4c1c/US20200328660A1-20201015-D00000.png
US-2021367221-A1,Method and system for preventing moisture accumulation in battery packs ,"Nio Usa, Inc.",Adam H. Ing,2020-05-19,2020-05-19,2021-11-25,,https://patents.google.com/patent/US20210367221A1/en,https://patentimages.storage.googleapis.com/ed/11/da/51537ae076d61c/US20210367221A1-20211125-D00000.png
US-11017671-B2,Precautionary visual perception by detection of rear stop light of vehicle that is two vehicles ahead ,"Nio Usa, Inc.","Ming Fung Wong, Anqi Wang",2018-07-02,2018-07-02,2021-05-25,2021-05-25,https://patents.google.com/patent/US11017671B2/en,https://patentimages.storage.googleapis.com/54/75/5e/f8dea30643bbc1/US11017671-20210525-D00000.png
US-10812469-B2,Secure vehicle communication interface device ,"Nio Usa, Inc.","Francisco Javier Vazquez Vidal, Abraham T Chen",2018-03-29,2018-03-29,2020-10-20,2020-10-20,https://patents.google.com/patent/US10812469B2/en,https://patentimages.storage.googleapis.com/03/d0/4c/ed225e739a5ce6/US10812469-20201020-D00000.png
US-10644282-B2,Staggered battery cell array with two-dimensional inline terminal edges ,"Nio Usa, Inc.","Austin L. Newman, Alexander J. Smith",2018-01-23,2018-01-23,2020-05-05,2020-05-05,https://patents.google.com/patent/US10644282B2/en,https://patentimages.storage.googleapis.com/c5/bd/e9/9b8ae731aa6cea/US10644282-20200505-D00000.png
US-2021179128-A1,Method and system for adjusting vehicle noise output in pedestrian and vehicular traffic environments ,"Nio Usa, Inc.",Richard Paul Collyer,2019-12-12,2019-12-12,2021-06-17,,https://patents.google.com/patent/US20210179128A1/en,https://patentimages.storage.googleapis.com/56/2d/55/eadf1aeb32b00a/US20210179128A1-20210617-D00000.png
US-2021013802-A1,"Devices, systems, and methods for charging electric vehicles ","Nio Usa, Inc.","Miaosen Shen, Feng Guo",2019-07-09,2019-07-09,2021-01-14,,https://patents.google.com/patent/US20210013802A1/en,https://patentimages.storage.googleapis.com/2f/4b/40/32fa3384693253/US20210013802A1-20210114-D00000.png
US-10756391-B2,Method and system for secondary internal current mechanisms for a lithium-ion cell ,"Nio Usa, Inc.","Marc W. Juzkow, Adam H. Ing",2018-10-23,2018-10-23,2020-08-25,2020-08-25,https://patents.google.com/patent/US10756391B2/en,https://patentimages.storage.googleapis.com/e5/b2/cc/4920e8c712ffca/US10756391-20200825-D00000.png
US-2021063467-A1,Power transistor junction temperature determination using a desaturation voltage sensing circuit ,"Nio Usa, Inc.","Todd J. Kazmirski, Miaosen Shen",2019-08-30,2019-08-30,2021-03-04,,https://patents.google.com/patent/US20210063467A1/en,https://patentimages.storage.googleapis.com/ec/d6/a0/197ad2a8042ba8/US20210063467A1-20210304-D00000.png
US-2020381789-A1,Scalable double-sided battery module ,"Nio Usa, Inc.","Adam H. Ing, Alexander J. Smith, Shubham Saurav",2019-05-28,2019-05-28,2020-12-03,,https://patents.google.com/patent/US20200381789A1/en,https://patentimages.storage.googleapis.com/dc/fb/46/65805ae2bbb052/US20200381789A1-20201203-D00000.png
US-11050272-B2,Open line detection during pre-charge ,"Nio Usa, Inc.",Alexander J. Smith,2017-12-04,2017-12-04,2021-06-29,2021-06-29,https://patents.google.com/patent/US11050272B2/en,https://patentimages.storage.googleapis.com/29/65/9c/925a7ff8a5e738/US11050272-20210629-D00000.png
CN-111527618-A,Battery cell with aluminum housing ,蔚来汽车有限公司,"奥斯汀·L·纽曼, 亚历山大·J·史密斯, 亚当·H·英, 里克·拉杰",2017-08-31,2018-08-31,2020-08-11,,https://patents.google.com/patent/CN111527618A/en,https://patentimages.storage.googleapis.com/82/09/7c/af7576293b08bf/HDA0002393289740000011.png
US-2018201144-A1,Authentication using electromagnet signal detection ,"NextEv USA, Inc.",Austin L. Newman,2017-01-13,2017-01-13,2018-07-19,,https://patents.google.com/patent/US20180201144A1/en,https://patentimages.storage.googleapis.com/89/6c/bb/0a0544a22c3917/US20180201144A1-20180719-D00000.png
US-2021070276-A1,"Vehicle power devices, systems, and methods for uninterrupted power supply ","Nio Usa, Inc.",Alexander J. Smith,2019-09-06,2019-09-06,2021-03-11,,https://patents.google.com/patent/US20210070276A1/en,https://patentimages.storage.googleapis.com/41/fe/bf/451996e386d5e4/US20210070276A1-20210311-D00000.png
US-2021237583-A1,Systems and methods of vehicular braking ,"Nio Usa, Inc.","Xiaoyu Huang, Aaron R. Bailey, Bruno M. Barthelemy",2020-02-04,2020-02-04,2021-08-05,,https://patents.google.com/patent/US20210237583A1/en,https://patentimages.storage.googleapis.com/5b/18/de/0aebd36a404223/US20210237583A1-20210805-D00000.png
US-2021242748-A1,Variable pitch helical cooling jacket ,"Nio Usa, Inc.","Ming Fung Wong, Dimitri Bassis",2020-02-03,2020-02-03,2021-08-05,,https://patents.google.com/patent/US20210242748A1/en,https://patentimages.storage.googleapis.com/14/c9/03/8cdbff18a58e6b/US20210242748A1-20210805-D00000.png
US-2021206288-A1,Optimization of battery pack size using swapping ,"Nio Usa, Inc.",Adam H. Ing,2020-01-02,2020-01-02,2021-07-08,,https://patents.google.com/patent/US20210206288A1/en,https://patentimages.storage.googleapis.com/ae/e0/49/149f5c8e7f8e9f/US20210206288A1-20210708-D00000.png
US-2021141093-A1,Precise point cloud generation using graph structure-based slam with unsynchronized data ,"Nio Usa, Inc.","Hyungjin Kim, Sathya Narayanan Kasturi Rangan, Shishir Pagad, Veera Ganesh Yalla",2019-11-13,2019-11-13,2021-05-13,,https://patents.google.com/patent/US20210141093A1/en,https://patentimages.storage.googleapis.com/f2/34/9a/868b27332b7c96/US20210141093A1-20210513-D00000.png
US-2020398646-A1,Lidar permeable windshield ,"Nio Usa, Inc.","Nermin Mujcinovic, Antonio Antonellis Rufo",2019-06-21,2019-06-21,2020-12-24,,https://patents.google.com/patent/US20200398646A1/en,https://patentimages.storage.googleapis.com/ec/9e/30/7b4daa3f819638/US20200398646A1-20201224-D00000.png
US-2020223279-A1,Anti-roll bar with heave spring or actuator ,"Nio Usa, Inc.",Martin J. McKeefery,2019-01-10,2019-01-10,2020-07-16,,https://patents.google.com/patent/US20200223279A1/en,https://patentimages.storage.googleapis.com/fc/45/fe/64c6b2b303a57a/US20200223279A1-20200716-D00000.png
US-2021070191-A1,"Vehicle power devices, systems, and methods for sleep mode ","Nio Usa, Inc.",Alexander J. Smith,2019-09-06,2019-09-06,2021-03-11,,https://patents.google.com/patent/US20210070191A1/en,https://patentimages.storage.googleapis.com/60/9b/39/37b2ffe2e7b58f/US20210070191A1-20210311-D00000.png
US-10217693-B1,Methods and systems for high voltage component cooling in electric vehicle for fast charge ,"Nio Usa, Inc.","Adam H. Ing, Alexander J. Smith, Rick Rajaie",2017-08-29,2017-08-29,2019-02-26,2019-02-26,https://patents.google.com/patent/US10217693B1/en,https://patentimages.storage.googleapis.com/5f/04/5f/e7656d9ba0a63f/US10217693-20190226-D00000.png
US-2020185798-A1,Method and system for joining cells to a battery coldplate ,"Nio Usa, Inc.","Adam H. Ing, Rick Rajaie",2018-12-05,2018-12-05,2020-06-11,,https://patents.google.com/patent/US20200185798A1/en,https://patentimages.storage.googleapis.com/ea/be/c7/d015431157cb09/US20200185798A1-20200611-D00000.png
US-2020067030-A1,Lithium-ion cell using aluminum can ,"Nio Usa, Inc.",Marc W. Juzkow,2018-08-21,2018-08-21,2020-02-27,,https://patents.google.com/patent/US20200067030A1/en,https://patentimages.storage.googleapis.com/23/28/c0/65477bd05456ff/US20200067030A1-20200227-D00000.png
US-2021080016-A1,Six-way hydraulic proportional valve ,"Nio Usa, Inc.",Ming Fung Wong,2019-09-12,2019-09-12,2021-03-18,,https://patents.google.com/patent/US20210080016A1/en,https://patentimages.storage.googleapis.com/4c/bd/44/30ab51114a4228/US20210080016A1-20210318-D00000.png
US-2018287108-A1,Cylindrical cell toggle holder ,"NextEv USA, Inc.",Austin L. Newman,2017-03-29,2017-03-29,2018-10-04,,https://patents.google.com/patent/US20180287108A1/en,https://patentimages.storage.googleapis.com/e4/fe/08/8a184b0dac6591/US20180287108A1-20181004-D00000.png
US-2019006776-A1,Battery cell cap with integrated fusible link and method of attaching to an electrical interconnection ,"NextEv USA, Inc.","Austin L. Newman, Alexander J. Smith",2017-06-29,2017-06-29,2019-01-03,,https://patents.google.com/patent/US20190006776A1/en,https://patentimages.storage.googleapis.com/14/36/3e/43ea99a7fc8bc0/US20190006776A1-20190103-D00000.png
US-11127995-B2,Lightweight thermal adsorption structure for lithium-ion module ,"Nio Usa, Inc.",Marc W. Juzkow,2018-09-28,2018-09-28,2021-09-21,2021-09-21,https://patents.google.com/patent/US11127995B2/en,https://patentimages.storage.googleapis.com/3a/e0/a6/8f62edff1af677/US11127995-20210921-D00000.png
US-2020324613-A1,"Method, system, and apparatus for interactive climate control ","Nio Usa, Inc.","Pierluigi Dalla Rosa, Daniel Paul Nacamuli, Timothy J. Meador, Qianqian Ye, Nicholas D. Hoppesch, Meera Ramachandran, Zachury B. Minjack, Robin Bigio, Alex E. Alvarez Castellarnau",2019-04-09,2019-04-09,2020-10-15,,https://patents.google.com/patent/US20200324613A1/en,https://patentimages.storage.googleapis.com/f1/fc/60/2cee6a90f49426/US20200324613A1-20201015-D00000.png
US-10671271-B2,Jog dial user interface device ,"Nio Usa, Inc.","James A. Chion, Timothy J. Meador, Pierluigi Dalla Rosa, Robin Bigio",2018-10-22,2018-10-22,2020-06-02,2020-06-02,https://patents.google.com/patent/US10671271B2/en,https://patentimages.storage.googleapis.com/96/16/d9/b88c6fd004b623/US10671271-20200602-D00000.png
US-2019195288-A1,Housing Drive Connection For A Constant Velocity Joint ,"Nio Usa, Inc.",Dimitri Bassis,2017-12-27,2017-12-27,2019-06-27,,https://patents.google.com/patent/US20190195288A1/en,https://patentimages.storage.googleapis.com/3a/a2/d2/eedaffb19ad157/US20190195288A1-20190627-D00000.png
US-10741808-B2,Unified battery module with integrated battery cell structural support ,"Nio Usa, Inc.","Austin L. Newman, Alexander J. Smith",2018-03-15,2018-03-15,2020-08-11,2020-08-11,https://patents.google.com/patent/US10741808B2/en,https://patentimages.storage.googleapis.com/37/7f/96/2b864288b437b6/US10741808-20200811-D00000.png
US-11345253-B2,"Vehicle power devices, systems, and methods for fail operational electronic control unit power management ","Nio Usa, Inc.","Yiyong LI, Samir Agrawal, Luna Chen",2019-09-19,2019-09-19,2022-05-31,2022-05-31,https://patents.google.com/patent/US11345253B2/en,https://patentimages.storage.googleapis.com/92/a1/ef/cef0f432f330ce/US11345253-20220531-D00000.png
US-2019119959-A1,Latch with adjustable primary/final position ,"Nio Usa, Inc.",Padmanabhan Kumar,2017-10-25,2017-10-25,2019-04-25,,https://patents.google.com/patent/US20190119959A1/en,https://patentimages.storage.googleapis.com/f7/63/ad/233ebe1e51b671/US20190119959A1-20190425-D00000.png
US-2018315974-A1,Spring loaded busbar for laser welding operation ,"NextEv USA, Inc.","Adam H. Ing, Alexander J. Smith, Austin L. Newman",2017-04-28,2017-04-28,2018-11-01,,https://patents.google.com/patent/US20180315974A1/en,https://patentimages.storage.googleapis.com/93/f2/33/bf1055a249c162/US20180315974A1-20181101-D00000.png
US-2018047956-A1,Battery module with auxiliary components ,"NextEv USA, Inc.",Austin NEWMAN,2016-08-09,2016-12-01,2018-02-15,,https://patents.google.com/patent/US20180047956A1/en,https://patentimages.storage.googleapis.com/45/92/07/ebc52a067e5208/US20180047956A1-20180215-D00000.png
US-2022250433-A1,Pre-conditioning climate control based on user's calendar and daily routine ,"Nio Usa, Inc.","Anqi Wang, An Wu, Matthew J. Daigle, Sama Aghniaey, Bruno M. Barthelemy",2020-03-18,2022-04-25,2022-08-11,,https://patents.google.com/patent/US20220250433A1/en,https://patentimages.storage.googleapis.com/51/6d/1c/00aa6108b213e3/US20220250433A1-20220811-D00000.png
US-2018281739-A1,Airbag deployment trajectory control mechanism and method ,"NextEv USA, Inc.","Heng Zhang, Jeffrey D. Rupp, Christopher Eckert, Yih-Charng Deng",2017-03-29,2017-03-29,2018-10-04,,https://patents.google.com/patent/US20180281739A1/en,https://patentimages.storage.googleapis.com/b4/cf/0a/f0c3b3989c9b5d/US20180281739A1-20181004-D00000.png
US-2018281728-A1,Deployable airbag positioner and method ,"NextEv USA, Inc.","Heng Zhang, Jeffrey D. Rupp, Christopher Eckert, Yih-Charng Deng",2017-03-29,2017-03-29,2018-10-04,,https://patents.google.com/patent/US20180281728A1/en,https://patentimages.storage.googleapis.com/58/ed/50/7060935473e987/US20180281728A1-20181004-D00000.png
US-2021265669-A1,Serviceable flex circuit for battery module ,"Nio Usa, Inc.","Adam H. Ing, Yadunandana Yellambalase",2020-02-25,2020-02-25,2021-08-26,,https://patents.google.com/patent/US20210265669A1/en,https://patentimages.storage.googleapis.com/12/44/1e/89f5c6cef951ac/US20210265669A1-20210826-D00000.png
US-2021070277-A1,"Vehicle power devices, systems, and methods with multiple modes ","Nio Usa, Inc.",Alexander J. Smith,2019-09-06,2019-09-06,2021-03-11,,https://patents.google.com/patent/US20210070277A1/en,https://patentimages.storage.googleapis.com/f5/ca/31/8361b3771b62da/US20210070277A1-20210311-D00000.png
US-2021039612-A1,Braking system for a vehicle ,"Nio Usa, Inc.",Jorge Marquez Sanchez,2019-08-05,2019-08-05,2021-02-11,,https://patents.google.com/patent/US20210039612A1/en,https://patentimages.storage.googleapis.com/1c/26/e1/e4b5e2cd8b5617/US20210039612A1-20210211-D00000.png
US-2021005921-A1,Aluminum can with multi-thickness wall for lithium-ion cell ,"Nio Usa, Inc.","Marc W. Juzkow, Alexander J. Smith",2019-07-01,2019-07-01,2021-01-07,,https://patents.google.com/patent/US20210005921A1/en,https://patentimages.storage.googleapis.com/43/5d/be/0a85eb4606a556/US20210005921A1-20210107-D00000.png
US-2021237698-A1,Redundant braking system for a motor vehicle ,"Nio Usa, Inc.","Aaron R. Bailey, Bruno M. Barthelemy, Jorge A. Marquez Sanchez",2020-02-04,2020-02-04,2021-08-05,,https://patents.google.com/patent/US20210237698A1/en,https://patentimages.storage.googleapis.com/d9/89/7f/89c670009df0c7/US20210237698A1-20210805-D00000.png
US-11036252-B1,Pedal assembly for a motor vehicle ,"Nio Usa, Inc.","Martin J. McKeefery, Ryan T. Mackintosh, Shane L. Kenyon, Jorge A. Marquez Sanchez",2020-01-10,2020-01-10,2021-06-15,2021-06-15,https://patents.google.com/patent/US11036252B1/en,https://patentimages.storage.googleapis.com/61/f0/da/f2a0409acefad5/US11036252-20210615-D00000.png
US-2021291623-A1,Pre-conditioning climate control based on user's calendar and daily routine ,"Nio Usa, Inc.","Anqi Wang, An Wu, Matthew J. Daigle, Sama Aghniaey, Bruno M. Barthelemy",2020-03-18,2020-03-18,2021-09-23,,https://patents.google.com/patent/US20210291623A1/en,https://patentimages.storage.googleapis.com/ca/0c/02/47ace6bbb59c73/US20210291623A1-20210923-D00000.png
US-2018111484-A1,Sanity monitor for power module ,"Nio Usa, Inc.",Robert Herb,2016-10-25,2016-12-29,2018-04-26,,https://patents.google.com/patent/US20180111484A1/en,https://patentimages.storage.googleapis.com/68/78/9d/b6744495e32ca3/US20180111484A1-20180426-D00000.png
US-2021206236-A1,Vehicle climate control system with filtered condensate misting ,"Nio Usa, Inc.","Armando Mendez Abrego, Dewashish Kanta Prashad, Omnaath Guptha Harihara Gupta, Joshua Smith",2020-01-03,2020-01-03,2021-07-08,,https://patents.google.com/patent/US20210206236A1/en,https://patentimages.storage.googleapis.com/61/f1/a2/8ab24473840192/US20210206236A1-20210708-D00000.png
US-11257230-B2,Adaptive feature map anchor pruning ,"Nio Usa, Inc.","Zachary M. Kendrick, Disha Ahuja, Ashwath Aithal",2020-02-04,2020-02-04,2022-02-22,2022-02-22,https://patents.google.com/patent/US11257230B2/en,https://patentimages.storage.googleapis.com/31/88/a0/b042f9ab976319/US11257230-20220222-D00000.png
US-2019031249-A1,Hemless a-class panel joining for vehicle body construction ,"Nio Usa, Inc.","Austin L. Newman, Nermin Mujcinovic",2017-07-31,2017-07-31,2019-01-31,,https://patents.google.com/patent/US20190031249A1/en,https://patentimages.storage.googleapis.com/0b/bc/f4/8d722ccf3e7189/US20190031249A1-20190131-D00000.png
WO-2019014565-A1,Programming complex parking maneuvers for driverless vehicles ,"Nio Usa, Inc.","Jamie P. Carlson, Yadunandana Yellambalase, Sathya Narayanan KASTURI RANGAN",2017-07-14,2018-07-13,2019-01-17,,https://patents.google.com/patent/WO2019014565A1/en,
